Dato;Runde;Liga;Hjemmelag;Resultat;Bortelag;Kanal
06.04.2015;1. runde;Tippeligaen;Mjøndalen;1 - 0;Viking;C More Fotball
06.04.2015;1. runde;Tippeligaen;Rosenborg;5 - 0;Aalesund;C More Fotball
06.04.2015;1. runde;Tippeligaen;Stabæk;1 - 1;Haugesund;C More Live
06.04.2015;1. runde;Tippeligaen;Tromsø;0 - 1;Sarpsborg 08;C More Live 2
06.04.2015;1. runde;Tippeligaen;Sandefjord;3 - 1;Bodø/Glimt;C More Live 3
06.04.2015;1. runde;Tippeligaen;Vålerenga;3 - 1;Strømsgodset;TV 2
06.04.2015;1. runde;OBOS-ligaen;Fredrikstad;1 - 1;Brann;TV 2 Zebra
06.04.2015;1. runde;OBOS-ligaen;Follo;4 - 0;Hønefoss;C More Live
06.04.2015;1. runde;OBOS-ligaen;Strømmen;0 - 1;Hødd;C SPORTS
06.04.2015;1. runde;OBOS-ligaen;Bryne;2 - 1;Nest-Sotra;C SPORTS
06.04.2015;1. runde;OBOS-ligaen;Kristiansund BK;0 - 0;Ranheim;C SPORTS
06.04.2015;1. runde;OBOS-ligaen;Sandnes Ulf;2 - 2;Jerv;C SPORTS
06.04.2015;1. runde;OBOS-ligaen;Sogndal;3 - 1;Bærum;C SPORTS
06.04.2015;1. runde;OBOS-ligaen;Åsane;5 - 0;Levanger;C SPORTS
06.04.2015;1. runde;OBOS-ligaen;Fredrikstad;1 - 1;Brann;TV 2 Zebra
06.04.2015;1. runde;OBOS-ligaen;Follo;4 - 0;Hønefoss;C More Live
06.04.2015;1. runde;OBOS-ligaen;Strømmen;0 - 1;Hødd;C SPORTS
06.04.2015;1. runde;OBOS-ligaen;Bryne;2 - 1;Nest-Sotra;C SPORTS
06.04.2015;1. runde;OBOS-ligaen;Kristiansund BK;0 - 0;Ranheim;C SPORTS
06.04.2015;1. runde;OBOS-ligaen;Sandnes Ulf;2 - 2;Jerv;C SPORTS
06.04.2015;1. runde;OBOS-ligaen;Sogndal;3 - 1;Bærum;C SPORTS
06.04.2015;1. runde;OBOS-ligaen;Åsane;5 - 0;Levanger;C SPORTS
07.04.2015;1. runde;Tippeligaen;Molde;1 - 2;Odd;TV 2 Zebra
07.04.2015;1. runde;Tippeligaen;Lillestrøm;1 - 1;Start;C More Fotball
10.04.2015;2. runde;Tippeligaen;Sarpsborg 08;1 - 1;Vålerenga;TV 2 Zebra
11.04.2015;2. runde;Tippeligaen;Bodø/Glimt;1 - 3;Molde;C More Fotball
11.04.2015;2. runde;Tippeligaen;Strømsgodset;1 - 1;Mjøndalen;C More Fotball
12.04.2015;2. runde;Tippeligaen;Aalesund;1 - 1;Lillestrøm;C More Fotball
12.04.2015;2. runde;Tippeligaen;Haugesund;0 - 6;Rosenborg;TV 2
12.04.2015;2. runde;Tippeligaen;Odd;2 - 0;Stabæk;C More Fotball
12.04.2015;2. runde;Tippeligaen;Viking;3 - 1;Tromsø;C More Live 2
12.04.2015;2. runde;Tippeligaen;Start;2 - 1;Sandefjord;C More Live 3
12.04.2015;2. runde;OBOS-ligaen;Bærum;1 - 1;Follo;C SPORTS
12.04.2015;2. runde;OBOS-ligaen;Hønefoss;1 - 2;Bryne;C SPORTS
12.04.2015;2. runde;OBOS-ligaen;Jerv;0 - 0;Sogndal;C SPORTS
12.04.2015;2. runde;OBOS-ligaen;Levanger;0 - 2;Kristiansund BK;C SPORTS
12.04.2015;2. runde;OBOS-ligaen;Nest-Sotra;2 - 3;Åsane;C SPORTS
12.04.2015;2. runde;OBOS-ligaen;Ranheim;1 - 1;Sandnes Ulf;C SPORTS
12.04.2015;2. runde;OBOS-ligaen;Bærum;1 - 1;Follo;C SPORTS
12.04.2015;2. runde;OBOS-ligaen;Hønefoss;1 - 2;Bryne;C SPORTS
12.04.2015;2. runde;OBOS-ligaen;Jerv;0 - 0;Sogndal;C SPORTS
12.04.2015;2. runde;OBOS-ligaen;Levanger;0 - 2;Kristiansund BK;C SPORTS
12.04.2015;2. runde;OBOS-ligaen;Nest-Sotra;2 - 3;Åsane;C SPORTS
12.04.2015;2. runde;OBOS-ligaen;Ranheim;1 - 1;Sandnes Ulf;C SPORTS
13.04.2015;2. runde;OBOS-ligaen;Hødd;1 - 1;Fredrikstad;TV 2 Zebra
13.04.2015;2. runde;OBOS-ligaen;Brann;2 - 0;Strømmen;C More Fotball
13.04.2015;2. runde;OBOS-ligaen;Hødd;1 - 1;Fredrikstad;TV 2 Zebra
13.04.2015;2. runde;OBOS-ligaen;Brann;2 - 0;Strømmen;C More Fotball
17.04.2015;3. runde;Tippeligaen;Vålerenga;2 - 0;Haugesund;TV 2 Zebra
18.04.2015;3. runde;Tippeligaen;Mjøndalen;1 - 1;Start;C More Fotball
18.04.2015;3. runde;Tippeligaen;Rosenborg;1 - 1;Strømsgodset;C More Fotball
19.04.2015;3. runde;Tippeligaen;Bodø/Glimt;2 - 4;Odd;C More Fotball
19.04.2015;3. runde;Tippeligaen;Molde;5 - 1;Aalesund;TV 2
19.04.2015;3. runde;Tippeligaen;Stabæk;1 - 0;Viking;C More Fotball
19.04.2015;3. runde;Tippeligaen;Tromsø;1 - 1;Lillestrøm;C More Live 2
19.04.2015;3. runde;Tippeligaen;Sandefjord;1 - 0;Sarpsborg 08;C More Live 3
19.04.2015;3. runde;OBOS-ligaen;Bryne;2 - 2;Ranheim;C SPORTS
19.04.2015;3. runde;OBOS-ligaen;Follo;2 - 1;Jerv;C SPORTS
19.04.2015;3. runde;OBOS-ligaen;Kristiansund BK;0 - 1;Åsane;C SPORTS
19.04.2015;3. runde;OBOS-ligaen;Sandnes Ulf;3 - 1;Nest-Sotra;C SPORTS
19.04.2015;3. runde;OBOS-ligaen;Sogndal;2 - 1;Hønefoss;C SPORTS
19.04.2015;3. runde;OBOS-ligaen;Strømmen;3 - 1;Bærum;C SPORTS
19.04.2015;3. runde;OBOS-ligaen;Bryne;2 - 2;Ranheim;C SPORTS
19.04.2015;3. runde;OBOS-ligaen;Follo;2 - 1;Jerv;C SPORTS
19.04.2015;3. runde;OBOS-ligaen;Kristiansund BK;0 - 1;Åsane;C SPORTS
19.04.2015;3. runde;OBOS-ligaen;Sandnes Ulf;3 - 1;Nest-Sotra;C SPORTS
19.04.2015;3. runde;OBOS-ligaen;Sogndal;2 - 1;Hønefoss;C SPORTS
19.04.2015;3. runde;OBOS-ligaen;Strømmen;3 - 1;Bærum;C SPORTS
20.04.2015;3. runde;OBOS-ligaen;Hødd;3 - 0;Brann;TV 2 Zebra
20.04.2015;3. runde;OBOS-ligaen;Fredrikstad;2 - 2;Levanger;C More Fotball
20.04.2015;3. runde;OBOS-ligaen;Hødd;3 - 0;Brann;TV 2 Zebra
20.04.2015;3. runde;OBOS-ligaen;Fredrikstad;2 - 2;Levanger;C More Fotball
24.04.2015;4. runde;Tippeligaen;Start;2 - 3;Vålerenga;TV 2 Zebra
25.04.2015;4. runde;Tippeligaen;Odd;2 - 2;Mjøndalen;C More Fotball
25.04.2015;4. runde;Tippeligaen;Viking;1 - 4;Rosenborg;C More Fotball
26.04.2015;4. runde;Tippeligaen;Aalesund;0 - 2;Tromsø;C More Fotball
26.04.2015;4. runde;Tippeligaen;Haugesund;0 - 0;Molde;TV 2
26.04.2015;4. runde;Tippeligaen;Strømsgodset;3 - 2;Sandefjord;C More Fotball
26.04.2015;4. runde;Tippeligaen;Lillestrøm;0 - 2;Stabæk;C More Live 2
26.04.2015;4. runde;Tippeligaen;Sarpsborg 08;2 - 2;Bodø/Glimt;C More Live 3
26.04.2015;4. runde;OBOS-ligaen;Bærum;4 - 0;Hødd;C SPORTS
26.04.2015;4. runde;OBOS-ligaen;Kristiansund BK;2 - 1;Strømmen;C SPORTS
26.04.2015;4. runde;OBOS-ligaen;Levanger;0 - 0;Sandnes Ulf;C SPORTS
26.04.2015;4. runde;OBOS-ligaen;Nest-Sotra;1 - 2;Sogndal;C SPORTS
26.04.2015;4. runde;OBOS-ligaen;Ranheim;0 - 1;Follo;C SPORTS
26.04.2015;4. runde;OBOS-ligaen;Åsane;2 - 2;Bryne;C SPORTS
26.04.2015;4. runde;OBOS-ligaen;Bærum;4 - 0;Hødd;C SPORTS
26.04.2015;4. runde;OBOS-ligaen;Kristiansund BK;2 - 1;Strømmen;C SPORTS
26.04.2015;4. runde;OBOS-ligaen;Levanger;0 - 0;Sandnes Ulf;C SPORTS
26.04.2015;4. runde;OBOS-ligaen;Nest-Sotra;1 - 2;Sogndal;C SPORTS
26.04.2015;4. runde;OBOS-ligaen;Ranheim;0 - 1;Follo;C SPORTS
26.04.2015;4. runde;OBOS-ligaen;Åsane;2 - 2;Bryne;C SPORTS
27.04.2015;4. runde;OBOS-ligaen;Jerv;2 - 2;Brann;C More Fotball
27.04.2015;4. runde;OBOS-ligaen;Hønefoss;2 - 0;Fredrikstad;TV 2 Zebra
27.04.2015;4. runde;OBOS-ligaen;Jerv;2 - 2;Brann;C More Fotball
27.04.2015;4. runde;OBOS-ligaen;Hønefoss;2 - 0;Fredrikstad;TV 2 Zebra
29.04.2015;5. runde;Tippeligaen;Molde;3 - 1;Strømsgodset;TV 2 Zebra
29.04.2015;5. runde;Tippeligaen;Sarpsborg 08;2 - 0;Odd;C More Fotball
30.04.2015;5. runde;Tippeligaen;Vålerenga;1 - 2;Aalesund;C More Fotball
30.04.2015;5. runde;Tippeligaen;Bodø/Glimt;1 - 2;Haugesund;C More Live
30.04.2015;5. runde;Tippeligaen;Sandefjord;1 - 2;Viking;C More Live 3
30.04.2015;5. runde;Tippeligaen;Tromsø;0 - 2;Stabæk;C More Live 4
30.04.2015;5. runde;Tippeligaen;Rosenborg;3 - 2;Start;TV 2 Zebra
30.04.2015;5. runde;Tippeligaen;Mjøndalen;1 - 4;Lillestrøm;C More Fotball
30.04.2015;5. runde;OBOS-ligaen;Brann;4 - 1;Ranheim;TV 2 Zebra
30.04.2015;5. runde;OBOS-ligaen;Bærum;1 - 0;Hønefoss;C SPORTS
30.04.2015;5. runde;OBOS-ligaen;Follo;1 - 1;Nest-Sotra;C SPORTS
30.04.2015;5. runde;OBOS-ligaen;Fredrikstad;1 - 1;Åsane;C SPORTS
30.04.2015;5. runde;OBOS-ligaen;Hødd;0 - 0;Jerv;C SPORTS
30.04.2015;5. runde;OBOS-ligaen;Sandnes Ulf;2 - 1;Kristiansund BK;C SPORTS
30.04.2015;5. runde;OBOS-ligaen;Sogndal;1 - 3;Levanger;C SPORTS
30.04.2015;5. runde;OBOS-ligaen;Strømmen;2 - 2;Bryne;C SPORTS
30.04.2015;5. runde;OBOS-ligaen;Brann;4 - 1;Ranheim;TV 2 Zebra
30.04.2015;5. runde;OBOS-ligaen;Bærum;1 - 0;Hønefoss;C SPORTS
30.04.2015;5. runde;OBOS-ligaen;Follo;1 - 1;Nest-Sotra;C SPORTS
30.04.2015;5. runde;OBOS-ligaen;Fredrikstad;1 - 1;Åsane;C SPORTS
30.04.2015;5. runde;OBOS-ligaen;Hødd;0 - 0;Jerv;C SPORTS
30.04.2015;5. runde;OBOS-ligaen;Sandnes Ulf;2 - 1;Kristiansund BK;C SPORTS
30.04.2015;5. runde;OBOS-ligaen;Sogndal;1 - 3;Levanger;C SPORTS
30.04.2015;5. runde;OBOS-ligaen;Strømmen;2 - 2;Bryne;C SPORTS
02.05.2015;6. runde;Tippeligaen;Strømsgodset;1 - 1;Sarpsborg 08;C More Fotball
03.05.2015;6. runde;Tippeligaen;Aalesund;2 - 0;Bodø/Glimt;C More Fotball
03.05.2015;6. runde;Tippeligaen;Start;3 - 1;Tromsø;C More Live 2
03.05.2015;6. runde;Tippeligaen;Lillestrøm;1 - 1;Vålerenga;C More Fotball
03.05.2015;6. runde;Tippeligaen;Haugesund;2 - 1;Sandefjord;C More Live 2
03.05.2015;6. runde;Tippeligaen;Stabæk;1 - 0;Mjøndalen;C More Live 3
03.05.2015;6. runde;Tippeligaen;Odd;1 - 2;Rosenborg;TV 2 Zebra
03.05.2015;6. runde;OBOS-ligaen;Nest-Sotra;1 - 0;Fredrikstad;TV 2 Zebra
03.05.2015;6. runde;OBOS-ligaen;Hønefoss;1 - 3;Hødd;C SPORTS
03.05.2015;6. runde;OBOS-ligaen;Jerv;0 - 0;Strømmen;C SPORTS
03.05.2015;6. runde;OBOS-ligaen;Kristiansund BK;1 - 1;Sogndal;C SPORTS
03.05.2015;6. runde;OBOS-ligaen;Levanger;3 - 1;Follo;C SPORTS
03.05.2015;6. runde;OBOS-ligaen;Ranheim;0 - 0;Bærum;C SPORTS
03.05.2015;6. runde;OBOS-ligaen;Åsane;0 - 0;Sandnes Ulf;C SPORTS
03.05.2015;6. runde;OBOS-ligaen;Bryne;0 - 1;Brann;C More Live 2
03.05.2015;6. runde;OBOS-ligaen;Nest-Sotra;1 - 0;Fredrikstad;TV 2 Zebra
03.05.2015;6. runde;OBOS-ligaen;Hønefoss;1 - 3;Hødd;C SPORTS
03.05.2015;6. runde;OBOS-ligaen;Jerv;0 - 0;Strømmen;C SPORTS
03.05.2015;6. runde;OBOS-ligaen;Kristiansund BK;1 - 1;Sogndal;C SPORTS
03.05.2015;6. runde;OBOS-ligaen;Levanger;3 - 1;Follo;C SPORTS
03.05.2015;6. runde;OBOS-ligaen;Ranheim;0 - 0;Bærum;C SPORTS
03.05.2015;6. runde;OBOS-ligaen;Åsane;0 - 0;Sandnes Ulf;C SPORTS
03.05.2015;6. runde;OBOS-ligaen;Bryne;0 - 1;Brann;C More Live 2
04.05.2015;6. runde;Tippeligaen;Viking;2 - 1;Molde;TV 2 Zebra
09.05.2015;7. runde;Tippeligaen;Mjøndalen;4 - 3;Tromsø;C More Fotball
09.05.2015;7. runde;Tippeligaen;Rosenborg;3 - 0;Lillestrøm;C More Fotball
09.05.2015;7. runde;Tippeligaen;Vålerenga;0 - 2;Stabæk;TV 2 Zebra
09.05.2015;7. runde;OBOS-ligaen;Brann;0 - 0;Sandnes Ulf;TV 2 Zebra
09.05.2015;7. runde;OBOS-ligaen;Strømmen;1 - 0;Hønefoss;C SPORTS
09.05.2015;7. runde;OBOS-ligaen;Brann;0 - 0;Sandnes Ulf;TV 2 Zebra
09.05.2015;7. runde;OBOS-ligaen;Strømmen;1 - 0;Hønefoss;C SPORTS
10.05.2015;7. runde;Tippeligaen;Sandefjord;1 - 3;Aalesund;C More Fotball
10.05.2015;7. runde;Tippeligaen;Viking;1 - 1;Odd;C More Fotball
10.05.2015;7. runde;Tippeligaen;Bodø/Glimt;3 - 5;Strømsgodset;C More Live 2
10.05.2015;7. runde;Tippeligaen;Sarpsborg 08;3 - 0;Haugesund;C More Live 3
10.05.2015;7. runde;Tippeligaen;Molde;4 - 0;Start;TV 2 Zebra
10.05.2015;7. runde;OBOS-ligaen;Fredrikstad;3 - 1;Ranheim;C More Live
10.05.2015;7. runde;OBOS-ligaen;Bærum;3 - 2;Levanger;C SPORTS
10.05.2015;7. runde;OBOS-ligaen;Follo;2 - 3;Kristiansund BK;C SPORTS
10.05.2015;7. runde;OBOS-ligaen;Hødd;3 - 2;Nest-Sotra;C SPORTS
10.05.2015;7. runde;OBOS-ligaen;Jerv;3 - 0;Bryne;C SPORTS
10.05.2015;7. runde;OBOS-ligaen;Sogndal;3 - 0;Åsane;C SPORTS
10.05.2015;7. runde;OBOS-ligaen;Fredrikstad;3 - 1;Ranheim;C More Live
10.05.2015;7. runde;OBOS-ligaen;Bærum;3 - 2;Levanger;C SPORTS
10.05.2015;7. runde;OBOS-ligaen;Follo;2 - 3;Kristiansund BK;C SPORTS
10.05.2015;7. runde;OBOS-ligaen;Hødd;3 - 2;Nest-Sotra;C SPORTS
10.05.2015;7. runde;OBOS-ligaen;Jerv;3 - 0;Bryne;C SPORTS
10.05.2015;7. runde;OBOS-ligaen;Sogndal;3 - 0;Åsane;C SPORTS
12.05.2015;8. runde;Tippeligaen;Mjøndalen;3 - 2;Rosenborg;TV 2 Zebra
12.05.2015;8. runde;Tippeligaen;Tromsø;4 - 5;Vålerenga;C More Fotball
12.05.2015;8. runde;OBOS-ligaen;Hønefoss;0 - 0;Brann;C More Live
12.05.2015;8. runde;OBOS-ligaen;Hønefoss;0 - 0;Brann;C More Live
13.05.2015;8. runde;Tippeligaen;Odd;2 - 0;Strømsgodset;TV 2 Zebra
13.05.2015;8. runde;Tippeligaen;Haugesund;0 - 2;Viking;C More Fotball
13.05.2015;8. runde;Tippeligaen;Lillestrøm;2 - 1;Molde;C More Live
13.05.2015;8. runde;Tippeligaen;Aalesund;2 - 2;Sarpsborg 08;C More Live 2
13.05.2015;8. runde;Tippeligaen;Stabæk;4 - 0;Sandefjord;C More Live 3
13.05.2015;8. runde;Tippeligaen;Start;1 - 1;Bodø/Glimt;C More Live 4
13.05.2015;8. runde;OBOS-ligaen;Bryne;0 - 2;Sogndal;C SPORTS
13.05.2015;8. runde;OBOS-ligaen;Kristiansund BK;1 - 1;Jerv;C SPORTS
13.05.2015;8. runde;OBOS-ligaen;Levanger;0 - 0;Hødd;C SPORTS
13.05.2015;8. runde;OBOS-ligaen;Nest-Sotra;1 - 2;Bærum;C SPORTS
13.05.2015;8. runde;OBOS-ligaen;Ranheim;2 - 0;Strømmen;C SPORTS
13.05.2015;8. runde;OBOS-ligaen;Åsane;0 - 1;Follo;C SPORTS
13.05.2015;8. runde;OBOS-ligaen;Sandnes Ulf;6 - 1;Fredrikstad;TV 2 Sportskanalen
13.05.2015;8. runde;OBOS-ligaen;Bryne;0 - 2;Sogndal;C SPORTS
13.05.2015;8. runde;OBOS-ligaen;Kristiansund BK;1 - 1;Jerv;C SPORTS
13.05.2015;8. runde;OBOS-ligaen;Levanger;0 - 0;Hødd;C SPORTS
13.05.2015;8. runde;OBOS-ligaen;Nest-Sotra;1 - 2;Bærum;C SPORTS
13.05.2015;8. runde;OBOS-ligaen;Ranheim;2 - 0;Strømmen;C SPORTS
13.05.2015;8. runde;OBOS-ligaen;Åsane;0 - 1;Follo;C SPORTS
13.05.2015;8. runde;OBOS-ligaen;Sandnes Ulf;6 - 1;Fredrikstad;TV 2 Sportskanalen
16.05.2015;9. runde;Tippeligaen;Bodø/Glimt;1 - 0;Tromsø;TV 2 Zebra
16.05.2015;9. runde;Tippeligaen;Vålerenga;4 - 2;Mjøndalen;C More Fotball
16.05.2015;9. runde;Tippeligaen;Rosenborg;5 - 1;Sandefjord;C More Fotball
16.05.2015;9. runde;Tippeligaen;Odd;0 - 0;Haugesund;C More Live
16.05.2015;9. runde;Tippeligaen;Molde;3 - 3;Stabæk;C More Live 2
16.05.2015;9. runde;Tippeligaen;Strømsgodset;3 - 1;Aalesund;C More Live 3
16.05.2015;9. runde;Tippeligaen;Sarpsborg 08;1 - 3;Lillestrøm;C More Live 4
16.05.2015;9. runde;Tippeligaen;Viking;1 - 0;Start;TV 2 Zebra
16.05.2015;9. runde;OBOS-ligaen;Bærum;1 - 4;Bryne;C SPORTS
16.05.2015;9. runde;OBOS-ligaen;Follo;2 - 2;Sandnes Ulf;C SPORTS
16.05.2015;9. runde;OBOS-ligaen;Brann;2 - 2;Nest-Sotra;TV 2 Zebra
16.05.2015;9. runde;OBOS-ligaen;Fredrikstad;1 - 4;Kristiansund BK;C SPORTS
16.05.2015;9. runde;OBOS-ligaen;Hødd;4 - 0;Åsane;C SPORTS
16.05.2015;9. runde;OBOS-ligaen;Jerv;2 - 1;Hønefoss;C SPORTS
16.05.2015;9. runde;OBOS-ligaen;Sogndal;1 - 0;Ranheim;C SPORTS
16.05.2015;9. runde;OBOS-ligaen;Strømmen;2 - 1;Levanger;C SPORTS
16.05.2015;9. runde;OBOS-ligaen;Bærum;1 - 4;Bryne;C SPORTS
16.05.2015;9. runde;OBOS-ligaen;Follo;2 - 2;Sandnes Ulf;C SPORTS
16.05.2015;9. runde;OBOS-ligaen;Brann;2 - 2;Nest-Sotra;TV 2 Zebra
16.05.2015;9. runde;OBOS-ligaen;Fredrikstad;1 - 4;Kristiansund BK;C SPORTS
16.05.2015;9. runde;OBOS-ligaen;Hødd;4 - 0;Åsane;C SPORTS
16.05.2015;9. runde;OBOS-ligaen;Jerv;2 - 1;Hønefoss;C SPORTS
16.05.2015;9. runde;OBOS-ligaen;Sogndal;1 - 0;Ranheim;C SPORTS
16.05.2015;9. runde;OBOS-ligaen;Strømmen;2 - 1;Levanger;C SPORTS
22.05.2015;10. runde;Tippeligaen;Mjøndalen;0 - 3;Molde;TV 2 Zebra
24.05.2015;10. runde;Tippeligaen;Haugesund;4 - 0;Strømsgodset;C More Fotball
25.05.2015;10. runde;Tippeligaen;Tromsø;2 - 2;Odd;C More Fotball
25.05.2015;10. runde;Tippeligaen;Lillestrøm;3 - 0;Bodø/Glimt;C More Live
25.05.2015;10. runde;Tippeligaen;Stabæk;2 - 3;Rosenborg;C More Fotball
25.05.2015;10. runde;Tippeligaen;Aalesund;0 - 4;Viking;C More Live
25.05.2015;10. runde;Tippeligaen;Sandefjord;0 - 3;Vålerenga;TV 2 Zebra
25.05.2015;10. runde;Tippeligaen;Start;1 - 2;Sarpsborg 08;C More Fotball
25.05.2015;10. runde;OBOS-ligaen;Sandnes Ulf;1 - 2;Sogndal;TV 2 Zebra
25.05.2015;10. runde;OBOS-ligaen;Bryne;1 - 4;Hødd;C SPORTS
25.05.2015;10. runde;OBOS-ligaen;Fredrikstad;2 - 2;Follo;C SPORTS
25.05.2015;10. runde;OBOS-ligaen;Kristiansund BK;0 - 1;Bærum;C SPORTS
25.05.2015;10. runde;OBOS-ligaen;Nest-Sotra;1 - 3;Hønefoss;C SPORTS
25.05.2015;10. runde;OBOS-ligaen;Ranheim;0 - 1;Jerv;C SPORTS
25.05.2015;10. runde;OBOS-ligaen;Åsane;0 - 3;Strømmen;C SPORTS
25.05.2015;10. runde;OBOS-ligaen;Sandnes Ulf;1 - 2;Sogndal;TV 2 Zebra
25.05.2015;10. runde;OBOS-ligaen;Bryne;1 - 4;Hødd;C SPORTS
25.05.2015;10. runde;OBOS-ligaen;Fredrikstad;2 - 2;Follo;C SPORTS
25.05.2015;10. runde;OBOS-ligaen;Kristiansund BK;0 - 1;Bærum;C SPORTS
25.05.2015;10. runde;OBOS-ligaen;Nest-Sotra;1 - 3;Hønefoss;C SPORTS
25.05.2015;10. runde;OBOS-ligaen;Ranheim;0 - 1;Jerv;C SPORTS
25.05.2015;10. runde;OBOS-ligaen;Åsane;0 - 3;Strømmen;C SPORTS
26.05.2015;10. runde;OBOS-ligaen;Levanger;4 - 1;Brann;C More Fotball
26.05.2015;10. runde;OBOS-ligaen;Levanger;4 - 1;Brann;C More Fotball
29.05.2015;11. runde;Tippeligaen;Odd;1 - 1;Aalesund;TV 2 Zebra
30.05.2015;11. runde;Tippeligaen;Haugesund;0 - 2;Start;C More Fotball
30.05.2015;11. runde;Tippeligaen;Molde;6 - 1;Sandefjord;C More Fotball
31.05.2015;11. runde;Tippeligaen;Strømsgodset;2 - 0;Lillestrøm;C More Fotball
31.05.2015;11. runde;Tippeligaen;Viking;3 - 4;Vålerenga;C More Fotball
31.05.2015;11. runde;Tippeligaen;Sarpsborg 08;0 - 1;Stabæk;C More Live
31.05.2015;11. runde;Tippeligaen;Bodø/Glimt;5 - 1;Mjøndalen;C More Live 2
31.05.2015;11. runde;Tippeligaen;Rosenborg;1 - 1;Tromsø;TV 2 Zebra
31.05.2015;11. runde;OBOS-ligaen;Sogndal;2 - 0;Fredrikstad;C More Live
31.05.2015;11. runde;OBOS-ligaen;Bryne;2 - 1;Sandnes Ulf;C SPORTS
31.05.2015;11. runde;OBOS-ligaen;Bærum;3 - 2;Åsane;C SPORTS
31.05.2015;11. runde;OBOS-ligaen;Hødd;0 - 1;Kristiansund BK;C SPORTS
31.05.2015;11. runde;OBOS-ligaen;Hønefoss;2 - 2;Ranheim;C SPORTS
31.05.2015;11. runde;OBOS-ligaen;Jerv;4 - 2;Levanger;C SPORTS
31.05.2015;11. runde;OBOS-ligaen;Strømmen;2 - 1;Nest-Sotra;C SPORTS
31.05.2015;11. runde;OBOS-ligaen;Sogndal;2 - 0;Fredrikstad;C More Live
31.05.2015;11. runde;OBOS-ligaen;Bryne;2 - 1;Sandnes Ulf;C SPORTS
31.05.2015;11. runde;OBOS-ligaen;Bærum;3 - 2;Åsane;C SPORTS
31.05.2015;11. runde;OBOS-ligaen;Hødd;0 - 1;Kristiansund BK;C SPORTS
31.05.2015;11. runde;OBOS-ligaen;Hønefoss;2 - 2;Ranheim;C SPORTS
31.05.2015;11. runde;OBOS-ligaen;Jerv;4 - 2;Levanger;C SPORTS
31.05.2015;11. runde;OBOS-ligaen;Strømmen;2 - 1;Nest-Sotra;C SPORTS
01.06.2015;11. runde;OBOS-ligaen;Brann;2 - 1;Follo;TV 2 Zebra
01.06.2015;11. runde;OBOS-ligaen;Brann;2 - 1;Follo;TV 2 Zebra
05.06.2015;12. runde;Tippeligaen;Tromsø;2 - 0;Molde;TV 2 Zebra
06.06.2015;12. runde;Tippeligaen;Vålerenga;1 - 2;Rosenborg;C More Fotball
06.06.2015;12. runde;Tippeligaen;Sandefjord;0 - 1;Odd;C More Fotball
07.06.2015;12. runde;Tippeligaen;Start;0 - 1;Strømsgodset;C More Fotball
07.06.2015;12. runde;Tippeligaen;Mjøndalen;1 - 1;Sarpsborg 08;C More Live
07.06.2015;12. runde;Tippeligaen;Aalesund;2 - 1;Haugesund;C More Live 2
07.06.2015;12. runde;Tippeligaen;Stabæk;3 - 2;Bodø/Glimt;C More Live 3
07.06.2015;12. runde;Tippeligaen;Lillestrøm;2 - 1;Viking;TV 2 Zebra
07.06.2015;12. runde;OBOS-ligaen;Fredrikstad;0 - 0;Strømmen;TV 2 Zebra
07.06.2015;12. runde;OBOS-ligaen;Åsane;2 - 3;Brann;C More Fotball
07.06.2015;12. runde;OBOS-ligaen;Follo;0 - 1;Sogndal;C SPORTS
07.06.2015;12. runde;OBOS-ligaen;Kristiansund BK;1 - 1;Bryne;C SPORTS
07.06.2015;12. runde;OBOS-ligaen;Levanger;0 - 1;Hønefoss;C SPORTS
07.06.2015;12. runde;OBOS-ligaen;Nest-Sotra;4 - 0;Jerv;C SPORTS
07.06.2015;12. runde;OBOS-ligaen;Ranheim;4 - 1;Hødd;C SPORTS
07.06.2015;12. runde;OBOS-ligaen;Sandnes Ulf;3 - 2;Bærum;C SPORTS
07.06.2015;12. runde;OBOS-ligaen;Fredrikstad;0 - 0;Strømmen;TV 2 Zebra
07.06.2015;12. runde;OBOS-ligaen;Åsane;2 - 3;Brann;C More Fotball
07.06.2015;12. runde;OBOS-ligaen;Follo;0 - 1;Sogndal;C SPORTS
07.06.2015;12. runde;OBOS-ligaen;Kristiansund BK;1 - 1;Bryne;C SPORTS
07.06.2015;12. runde;OBOS-ligaen;Levanger;0 - 1;Hønefoss;C SPORTS
07.06.2015;12. runde;OBOS-ligaen;Nest-Sotra;4 - 0;Jerv;C SPORTS
07.06.2015;12. runde;OBOS-ligaen;Ranheim;4 - 1;Hødd;C SPORTS
07.06.2015;12. runde;OBOS-ligaen;Sandnes Ulf;3 - 2;Bærum;C SPORTS
19.06.2015;13. runde;Tippeligaen;Odd;3 - 3;Start;TV 2 Zebra
20.06.2015;13. runde;Tippeligaen;Sandefjord;0 - 0;Lillestrøm;C More Fotball
20.06.2015;13. runde;Tippeligaen;Molde;0 - 0;Vålerenga;C More Fotball
21.06.2015;13. runde;Tippeligaen;Bodø/Glimt;0 - 3;Viking;C More Fotball
21.06.2015;13. runde;Tippeligaen;Aalesund;1 - 1;Stabæk;C More Fotball
21.06.2015;13. runde;Tippeligaen;Strømsgodset;2 - 1;Tromsø;C More Live
21.06.2015;13. runde;Tippeligaen;Haugesund;1 - 1;Mjøndalen;C More Live 2
21.06.2015;13. runde;Tippeligaen;Sarpsborg 08;0 - 2;Rosenborg;TV 2 Zebra
21.06.2015;13. runde;OBOS-ligaen;Bærum;2 - 3;Fredrikstad;C More Live
21.06.2015;13. runde;OBOS-ligaen;Brann;0 - 4;Sogndal;TV 2 Zebra
21.06.2015;13. runde;OBOS-ligaen;Bryne;4 - 1;Levanger;C SPORTS
21.06.2015;13. runde;OBOS-ligaen;Hødd;1 - 3;Sandnes Ulf;C SPORTS
21.06.2015;13. runde;OBOS-ligaen;Hønefoss;1 - 1;Kristiansund BK;C SPORTS
21.06.2015;13. runde;OBOS-ligaen;Jerv;1 - 1;Åsane;C SPORTS
21.06.2015;13. runde;OBOS-ligaen;Ranheim;3 - 0;Nest-Sotra;C SPORTS
21.06.2015;13. runde;OBOS-ligaen;Strømmen;1 - 2;Follo;C SPORTS
21.06.2015;13. runde;OBOS-ligaen;Bærum;2 - 3;Fredrikstad;C More Live
21.06.2015;13. runde;OBOS-ligaen;Brann;0 - 4;Sogndal;TV 2 Zebra
21.06.2015;13. runde;OBOS-ligaen;Bryne;4 - 1;Levanger;C SPORTS
21.06.2015;13. runde;OBOS-ligaen;Hødd;1 - 3;Sandnes Ulf;C SPORTS
21.06.2015;13. runde;OBOS-ligaen;Hønefoss;1 - 1;Kristiansund BK;C SPORTS
21.06.2015;13. runde;OBOS-ligaen;Jerv;1 - 1;Åsane;C SPORTS
21.06.2015;13. runde;OBOS-ligaen;Ranheim;3 - 0;Nest-Sotra;C SPORTS
21.06.2015;13. runde;OBOS-ligaen;Strømmen;1 - 2;Follo;C SPORTS
24.06.2015;16. runde;OBOS-ligaen;Sogndal;1 - 1;Jerv;C SPORTS
24.06.2015;16. runde;OBOS-ligaen;Sogndal;1 - 1;Jerv;C SPORTS
27.06.2015;14. runde;Tippeligaen;Start;3 - 1;Aalesund;C More Fotball
27.06.2015;14. runde;Tippeligaen;Rosenborg;1 - 1;Molde;C More Fotball
27.06.2015;14. runde;Tippeligaen;Stabæk;3 - 2;Strømsgodset;TV 2 Zebra
27.06.2015;14. runde;OBOS-ligaen;Sogndal;1 - 1;Hødd;C SPORTS
27.06.2015;14. runde;OBOS-ligaen;Sogndal;1 - 1;Hødd;C SPORTS
28.06.2015;14. runde;Tippeligaen;Viking;3 - 1;Sarpsborg 08;C More Fotball
28.06.2015;14. runde;Tippeligaen;Lillestrøm;1 - 1;Odd;C More Fotball
28.06.2015;14. runde;Tippeligaen;Tromsø;2 - 0;Haugesund;C More Live
28.06.2015;14. runde;Tippeligaen;Mjøndalen;2 - 2;Sandefjord;C More Live 2
28.06.2015;14. runde;Tippeligaen;Vålerenga;1 - 2;Bodø/Glimt;TV 2 Zebra
28.06.2015;14. runde;OBOS-ligaen;Follo;1 - 4;Bryne;C SPORTS
28.06.2015;14. runde;OBOS-ligaen;Kristiansund BK;1 - 1;Nest-Sotra;C SPORTS
28.06.2015;14. runde;OBOS-ligaen;Levanger;1 - 1;Ranheim;C SPORTS
28.06.2015;14. runde;OBOS-ligaen;Sandnes Ulf;3 - 1;Strømmen;C SPORTS
28.06.2015;14. runde;OBOS-ligaen;Åsane;2 - 1;Hønefoss;C SPORTS
28.06.2015;14. runde;OBOS-ligaen;Follo;1 - 4;Bryne;C SPORTS
28.06.2015;14. runde;OBOS-ligaen;Kristiansund BK;1 - 1;Nest-Sotra;C SPORTS
28.06.2015;14. runde;OBOS-ligaen;Levanger;1 - 1;Ranheim;C SPORTS
28.06.2015;14. runde;OBOS-ligaen;Sandnes Ulf;3 - 1;Strømmen;C SPORTS
28.06.2015;14. runde;OBOS-ligaen;Åsane;2 - 1;Hønefoss;C SPORTS
29.06.2015;14. runde;OBOS-ligaen;Fredrikstad;1 - 0;Jerv;TV 2 Zebra
29.06.2015;14. runde;OBOS-ligaen;Bærum;1 - 1;Brann;C More Fotball
29.06.2015;14. runde;OBOS-ligaen;Fredrikstad;1 - 0;Jerv;TV 2 Zebra
29.06.2015;14. runde;OBOS-ligaen;Bærum;1 - 1;Brann;C More Fotball
03.07.2015;15. runde;Tippeligaen;Sarpsborg 08;1 - 4;Molde;TV 2 Zebra
04.07.2015;15. runde;Tippeligaen;Start;4 - 1;Stabæk;C More Fotball
04.07.2015;15. runde;Tippeligaen;Haugesund;3 - 3;Lillestrøm;C More Fotball
05.07.2015;15. runde;Tippeligaen;Strømsgodset;4 - 1;Viking;C More Fotball
05.07.2015;15. runde;Tippeligaen;Odd;1 - 2;Vålerenga;C More Fotball
05.07.2015;15. runde;Tippeligaen;Aalesund;4 - 2;Mjøndalen;C More Live
05.07.2015;15. runde;Tippeligaen;Sandefjord;1 - 1;Tromsø;C More Live 2
05.07.2015;15. runde;Tippeligaen;Bodø/Glimt;1 - 0;Rosenborg;TV 2 Zebra
05.07.2015;15. runde;OBOS-ligaen;Bryne;2 - 3;Fredrikstad;TV 2 Sumo
05.07.2015;15. runde;OBOS-ligaen;Hødd;2 - 1;Follo;TV 2 Sumo
05.07.2015;15. runde;OBOS-ligaen;Jerv;5 - 0;Bærum;TV 2 Sumo
05.07.2015;15. runde;OBOS-ligaen;Nest-Sotra;1 - 1;Levanger;TV 2 Sumo
05.07.2015;15. runde;OBOS-ligaen;Ranheim;3 - 2;Åsane;TV 2 Sumo
05.07.2015;15. runde;OBOS-ligaen;Strømmen;1 - 1;Sogndal;TV 2 Sumo
05.07.2015;15. runde;OBOS-ligaen;Bryne;2 - 3;Fredrikstad;TV 2 Sumo
05.07.2015;15. runde;OBOS-ligaen;Hødd;2 - 1;Follo;TV 2 Sumo
05.07.2015;15. runde;OBOS-ligaen;Jerv;5 - 0;Bærum;TV 2 Sumo
05.07.2015;15. runde;OBOS-ligaen;Nest-Sotra;1 - 1;Levanger;TV 2 Sumo
05.07.2015;15. runde;OBOS-ligaen;Ranheim;3 - 2;Åsane;TV 2 Sumo
05.07.2015;15. runde;OBOS-ligaen;Strømmen;1 - 1;Sogndal;TV 2 Sumo
06.07.2015;15. runde;OBOS-ligaen;Brann;2 - 1;Kristiansund BK;TV 2 Zebra
06.07.2015;15. runde;OBOS-ligaen;Hønefoss;0 - 1;Sandnes Ulf;TV 2 Sumo
06.07.2015;15. runde;OBOS-ligaen;Brann;2 - 1;Kristiansund BK;TV 2 Zebra
06.07.2015;15. runde;OBOS-ligaen;Hønefoss;0 - 1;Sandnes Ulf;TV 2 Sumo
10.07.2015;16. runde;Tippeligaen;Molde;0 - 1;Haugesund;TV 2 Zebra
11.07.2015;16. runde;Tippeligaen;Viking;4 - 1;Aalesund;C More Fotball
11.07.2015;16. runde;Tippeligaen;Vålerenga;2 - 0;Sandefjord;C More Fotball
12.07.2015;16. runde;Tippeligaen;Stabæk;0 - 0;Sarpsborg 08;C More Fotball
12.07.2015;16. runde;Tippeligaen;Rosenborg;3 - 0;Odd;C More Fotball
12.07.2015;16. runde;Tippeligaen;Mjøndalen;1 - 2;Bodø/Glimt;C More Live
12.07.2015;16. runde;Tippeligaen;Tromsø;2 - 1;Start;C More Live 2
12.07.2015;16. runde;Tippeligaen;Lillestrøm;1 - 2;Strømsgodset;TV 2 Zebra
18.07.2015;18. runde;Tippeligaen;Molde;1 - 2;Bodø/Glimt;C More Fotball
24.07.2015;17. runde;Tippeligaen;Start;0 - 3;Viking;TV 2 Zebra
25.07.2015;17. runde;Tippeligaen;Haugesund;2 - 2;Stabæk;C More Fotball
26.07.2015;17. runde;Tippeligaen;Bodø/Glimt;1 - 0;Aalesund;C More Fotball
26.07.2015;17. runde;Tippeligaen;Odd;3 - 2;Tromsø;C More Live
26.07.2015;17. runde;Tippeligaen;Sarpsborg 08;2 - 2;Mjøndalen;C More Live 2
26.07.2015;17. runde;Tippeligaen;Sandefjord;1 - 2;Rosenborg;TV 2 Zebra
26.07.2015;16. runde;OBOS-ligaen;Kristiansund BK;2 - 1;Hødd;TV 2 Zebra
26.07.2015;16. runde;OBOS-ligaen;Bærum;0 - 1;Ranheim;TV 2 Sumo
26.07.2015;16. runde;OBOS-ligaen;Hønefoss;1 - 3;Strømmen;TV 2 Sumo
26.07.2015;16. runde;OBOS-ligaen;Levanger;4 - 1;Fredrikstad;TV 2 Sumo
26.07.2015;16. runde;OBOS-ligaen;Sandnes Ulf;3 - 2;Bryne;TV 2 Sumo
26.07.2015;16. runde;OBOS-ligaen;Åsane;0 - 1;Nest-Sotra;TV 2 Sumo
26.07.2015;16. runde;OBOS-ligaen;Kristiansund BK;2 - 1;Hødd;TV 2 Zebra
26.07.2015;16. runde;OBOS-ligaen;Bærum;0 - 1;Ranheim;TV 2 Sumo
26.07.2015;16. runde;OBOS-ligaen;Hønefoss;1 - 3;Strømmen;TV 2 Sumo
26.07.2015;16. runde;OBOS-ligaen;Levanger;4 - 1;Fredrikstad;TV 2 Sumo
26.07.2015;16. runde;OBOS-ligaen;Sandnes Ulf;3 - 2;Bryne;TV 2 Sumo
26.07.2015;16. runde;OBOS-ligaen;Åsane;0 - 1;Nest-Sotra;TV 2 Sumo
27.07.2015;17. runde;Tippeligaen;Vålerenga;2 - 0;Lillestrøm;C More Fotball
28.07.2015;16. runde;OBOS-ligaen;Follo;0 - 1;Brann;C More Fotball
28.07.2015;16. runde;OBOS-ligaen;Follo;0 - 1;Brann;C More Fotball
31.07.2015;18. runde;Tippeligaen;Viking;0 - 1;Haugesund;TV 2 Zebra
01.08.2015;18. runde;Tippeligaen;Stabæk;2 - 0;Vålerenga;C More Fotball
02.08.2015;18. runde;Tippeligaen;Mjøndalen;3 - 6;Odd;C More Fotball
02.08.2015;18. runde;Tippeligaen;Lillestrøm;3 - 2;Sandefjord;C More Fotball
02.08.2015;18. runde;Tippeligaen;Tromsø;0 - 6;Strømsgodset;C More Live
02.08.2015;18. runde;Tippeligaen;Aalesund;2 - 0;Start;C More Live 2
02.08.2015;18. runde;Tippeligaen;Rosenborg;3 - 2;Sarpsborg 08;TV 2 Zebra
02.08.2015;17. runde;OBOS-ligaen;Bryne;2 - 0;Kristiansund BK;TV 2 Sumo
02.08.2015;17. runde;OBOS-ligaen;Fredrikstad;1 - 1;Hønefoss;TV 2 Sumo
02.08.2015;17. runde;OBOS-ligaen;Hødd;4 - 2;Bærum;TV 2 Sumo
02.08.2015;17. runde;OBOS-ligaen;Jerv;0 - 0;Sandnes Ulf;TV 2 Sumo
02.08.2015;17. runde;OBOS-ligaen;Nest-Sotra;0 - 0;Follo;TV 2 Sumo
02.08.2015;17. runde;OBOS-ligaen;Strømmen;1 - 0;Åsane;TV 2 Sumo
02.08.2015;17. runde;OBOS-ligaen;Bryne;2 - 0;Kristiansund BK;TV 2 Sumo
02.08.2015;17. runde;OBOS-ligaen;Fredrikstad;1 - 1;Hønefoss;TV 2 Sumo
02.08.2015;17. runde;OBOS-ligaen;Hødd;4 - 2;Bærum;TV 2 Sumo
02.08.2015;17. runde;OBOS-ligaen;Jerv;0 - 0;Sandnes Ulf;TV 2 Sumo
02.08.2015;17. runde;OBOS-ligaen;Nest-Sotra;0 - 0;Follo;TV 2 Sumo
02.08.2015;17. runde;OBOS-ligaen;Strømmen;1 - 0;Åsane;TV 2 Sumo
03.08.2015;17. runde;OBOS-ligaen;Brann;1 - 0;Levanger;TV 2 Zebra
03.08.2015;17. runde;OBOS-ligaen;Ranheim;3 - 2;Sogndal;C More Fotball
03.08.2015;17. runde;OBOS-ligaen;Brann;1 - 0;Levanger;TV 2 Zebra
03.08.2015;17. runde;OBOS-ligaen;Ranheim;3 - 2;Sogndal;C More Fotball
07.08.2015;19. runde;Tippeligaen;Vålerenga;1 - 0;Tromsø;TV 2 Zebra
07.08.2015;19. runde;Tippeligaen;Sandefjord;2 - 1;Mjøndalen;C More Fotball
08.08.2015;19. runde;Tippeligaen;Sarpsborg 08;0 - 2;Viking;C More Fotball
08.08.2015;1. runde;Premier League;Man. United;1 - 0;Tottenham;TV 2 Sport Premium
08.08.2015;1. runde;Premier League;Norwich;1 - 3;Crystal Palace;TV 2 Sport Premium
08.08.2015;1. runde;Premier League;Everton;2 - 2;Watford;Opptak SP kl. 21.30
08.08.2015;1. runde;Premier League;Bournemouth;0 - 1;Aston Villa;Opptak SP 2 kl. 20.30
08.08.2015;1. runde;Premier League;Leicester;4 - 2;Sunderland;Opptak SP 3 kl. 20.30
08.08.2015;1. runde;Premier League;Chelsea;2 - 2;Swansea;TV 2 Sport Premium
08.08.2015;18. runde;OBOS-ligaen;Sandnes Ulf;1 - 1;Brann;C More Fotball
08.08.2015;18. runde;OBOS-ligaen;Sandnes Ulf;1 - 1;Brann;C More Fotball
09.08.2015;19. runde;Tippeligaen;Lillestrøm;0 - 5;Rosenborg;C More Fotball
09.08.2015;19. runde;Tippeligaen;Strømsgodset;0 - 2;Stabæk;C More Live
09.08.2015;19. runde;Tippeligaen;Bodø/Glimt;5 - 1;Start;C More Live 2
09.08.2015;19. runde;Tippeligaen;Haugesund;3 - 1;Aalesund;C More Live 3
09.08.2015;19. runde;Tippeligaen;Odd;2 - 2;Molde;TV 2 Zebra
09.08.2015;1. runde;Premier League;Arsenal;0 - 2;West Ham;TV 2 Sport Premium
09.08.2015;1. runde;Premier League;Newcastle;2 - 2;Southampton;TV 2 Sport Premium 2
09.08.2015;1. runde;Premier League;Stoke;0 - 1;Liverpool;TV 2 Sport Premium
09.08.2015;18. runde;OBOS-ligaen;Bærum;0 - 1;Strømmen;TV 2 Sumo
09.08.2015;18. runde;OBOS-ligaen;Follo;3 - 0;Ranheim;TV 2 Sumo
09.08.2015;18. runde;OBOS-ligaen;Hønefoss;2 - 2;Nest-Sotra;TV 2 Sumo
09.08.2015;18. runde;OBOS-ligaen;Kristiansund BK;1 - 0;Fredrikstad;TV 2 Sumo
09.08.2015;18. runde;OBOS-ligaen;Levanger;1 - 4;Jerv;TV 2 Sumo
09.08.2015;18. runde;OBOS-ligaen;Åsane;2 - 0;Hødd;TV 2 Sumo
09.08.2015;18. runde;OBOS-ligaen;Bærum;0 - 1;Strømmen;TV 2 Sumo
09.08.2015;18. runde;OBOS-ligaen;Follo;3 - 0;Ranheim;TV 2 Sumo
09.08.2015;18. runde;OBOS-ligaen;Hønefoss;2 - 2;Nest-Sotra;TV 2 Sumo
09.08.2015;18. runde;OBOS-ligaen;Kristiansund BK;1 - 0;Fredrikstad;TV 2 Sumo
09.08.2015;18. runde;OBOS-ligaen;Levanger;1 - 4;Jerv;TV 2 Sumo
09.08.2015;18. runde;OBOS-ligaen;Åsane;2 - 0;Hødd;TV 2 Sumo
10.08.2015;1. runde;Premier League;West Bromwich;0 - 3;Man. City;TV 2 Sport Premium
10.08.2015;18. runde;OBOS-ligaen;Sogndal;3 - 1;Bryne;TV 2 Zebra
10.08.2015;18. runde;OBOS-ligaen;Sogndal;3 - 1;Bryne;TV 2 Zebra
12.08.2015;19. runde;OBOS-ligaen;Brann;2 - 2;Åsane;TV 2 Zebra
12.08.2015;19. runde;OBOS-ligaen;Jerv;0 - 1;Hødd;TV 2 Sumo
12.08.2015;19. runde;OBOS-ligaen;Levanger;4 - 1;Bærum;TV 2 Sumo
12.08.2015;19. runde;OBOS-ligaen;Nest-Sotra;0 - 1;Kristiansund BK;TV 2 Sumo
12.08.2015;19. runde;OBOS-ligaen;Ranheim;4 - 0;Hønefoss;TV 2 Sumo
12.08.2015;19. runde;OBOS-ligaen;Sandnes Ulf;2 - 1;Follo;TV 2 Sumo
12.08.2015;19. runde;OBOS-ligaen;Brann;2 - 2;Åsane;TV 2 Zebra
12.08.2015;19. runde;OBOS-ligaen;Jerv;0 - 1;Hødd;TV 2 Sumo
12.08.2015;19. runde;OBOS-ligaen;Levanger;4 - 1;Bærum;TV 2 Sumo
12.08.2015;19. runde;OBOS-ligaen;Nest-Sotra;0 - 1;Kristiansund BK;TV 2 Sumo
12.08.2015;19. runde;OBOS-ligaen;Ranheim;4 - 0;Hønefoss;TV 2 Sumo
12.08.2015;19. runde;OBOS-ligaen;Sandnes Ulf;2 - 1;Follo;TV 2 Sumo
13.08.2015;19. runde;OBOS-ligaen;Bryne;0 - 0;Strømmen;TV 2 Sumo
13.08.2015;19. runde;OBOS-ligaen;Fredrikstad;1 - 1;Sogndal;C More Fotball
13.08.2015;19. runde;OBOS-ligaen;Bryne;0 - 0;Strømmen;TV 2 Sumo
13.08.2015;19. runde;OBOS-ligaen;Fredrikstad;1 - 1;Sogndal;C More Fotball
14.08.2015;20. runde;Tippeligaen;Aalesund;2 - 1;Strømsgodset;TV 2 Zebra
14.08.2015;2. runde;Premier League;Aston Villa;0 - 1;Man. United;TV 2 Sport Premium
14.08.2015;1. runde;Bundesliga;Bayern;5 - 0;Hamburg;Eurosport 2
15.08.2015;20. runde;Tippeligaen;Molde;0 - 0;Sarpsborg 08;C More Fotball
15.08.2015;20. runde;Tippeligaen;Viking;2 - 1;Bodø/Glimt;C More Fotball
15.08.2015;2. runde;Premier League;Southampton;0 - 3;Everton;TV 2 Sport Premium
15.08.2015;2. runde;Premier League;Tottenham;2 - 2;Stoke;TV 2 Sport Premium
15.08.2015;2. runde;Premier League;West Ham;1 - 2;Leicester;Opptak SP kl. 21.30
15.08.2015;2. runde;Premier League;Watford;0 - 0;West Bromwich;Opptak SP 2 kl. 20.30
15.08.2015;2. runde;Premier League;Sunderland;1 - 3;Norwich;Opptak SP 2 kl. 22.30
15.08.2015;2. runde;Premier League;Swansea;2 - 0;Newcastle;Opptak SP 3 kl. 20.30
15.08.2015;1. runde;Bundesliga;Bremen;0 - 3;Schalke;Eurosport 2
15.08.2015;1. runde;Bundesliga;Augsburg;0 - 1;Hertha;
15.08.2015;1. runde;Bundesliga;Darmstadt;2 - 2;Hannover;
15.08.2015;1. runde;Bundesliga;Leverkusen;2 - 1;Hoffenheim;
15.08.2015;1. runde;Bundesliga;Mainz;0 - 1;Ingolstadt;
15.08.2015;1. runde;Bundesliga;Dortmund;4 - 0;Mönchengladbach;Eurosport 2
16.08.2015;20. runde;Tippeligaen;Start;0 - 4;Odd;C More Fotball
16.08.2015;20. runde;Tippeligaen;Rosenborg;2 - 0;Vålerenga;C More Fotball
16.08.2015;20. runde;Tippeligaen;Tromsø;1 - 1;Sandefjord;C More Live
16.08.2015;20. runde;Tippeligaen;Mjøndalen;2 - 1;Haugesund;C More Live 2
16.08.2015;20. runde;Tippeligaen;Stabæk;3 - 2;Lillestrøm;TV 2 Zebra
16.08.2015;2. runde;Premier League;Crystal Palace;1 - 2;Arsenal;TV 2 Sport Premium
16.08.2015;2. runde;Premier League;Man. City;3 - 0;Chelsea;TV 2 Sport Premium
16.08.2015;20. runde;OBOS-ligaen;Follo;2 - 2;Bærum;TV 2 Sumo
16.08.2015;20. runde;OBOS-ligaen;Hødd;0 - 4;Levanger;TV 2 Sumo
16.08.2015;20. runde;OBOS-ligaen;Hønefoss;2 - 1;Jerv;TV 2 Sumo
16.08.2015;20. runde;OBOS-ligaen;Nest-Sotra;2 - 0;Bryne;TV 2 Sumo
16.08.2015;20. runde;OBOS-ligaen;Strømmen;1 - 2;Fredrikstad;TV 2 Sumo
16.08.2015;20. runde;OBOS-ligaen;Åsane;1 - 2;Ranheim;TV 2 Sumo
16.08.2015;20. runde;OBOS-ligaen;Follo;2 - 2;Bærum;TV 2 Sumo
16.08.2015;20. runde;OBOS-ligaen;Hødd;0 - 4;Levanger;TV 2 Sumo
16.08.2015;20. runde;OBOS-ligaen;Hønefoss;2 - 1;Jerv;TV 2 Sumo
16.08.2015;20. runde;OBOS-ligaen;Nest-Sotra;2 - 0;Bryne;TV 2 Sumo
16.08.2015;20. runde;OBOS-ligaen;Strømmen;1 - 2;Fredrikstad;TV 2 Sumo
16.08.2015;20. runde;OBOS-ligaen;Åsane;1 - 2;Ranheim;TV 2 Sumo
16.08.2015;1. runde;Bundesliga;Wolfsburg;2 - 1;Eintracht Frankfurt;Eurosport 2
16.08.2015;1. runde;Bundesliga;Stuttgart;1 - 3;Köln;Eurosport 2
17.08.2015;2. runde;Premier League;Liverpool;1 - 0;Bournemouth;TV 2 Sport Premium
17.08.2015;20. runde;OBOS-ligaen;Kristiansund BK;3 - 1;Sandnes Ulf;TV 2 Zebra
17.08.2015;20. runde;OBOS-ligaen;Sogndal;0 - 0;Brann;C More Fotball
17.08.2015;20. runde;OBOS-ligaen;Kristiansund BK;3 - 1;Sandnes Ulf;TV 2 Zebra
17.08.2015;20. runde;OBOS-ligaen;Sogndal;0 - 0;Brann;C More Fotball
21.08.2015;21. runde;Tippeligaen;Lillestrøm;1 - 0;Tromsø;TV 2 Zebra
21.08.2015;2. runde;Bundesliga;Hertha;1 - 1;Bremen;Eurosport 2
22.08.2015;21. runde;Tippeligaen;Sandefjord;2 - 4;Stabæk;C More Fotball
22.08.2015;3. runde;Premier League;Man. United;0 - 0;Newcastle;TV 2 Sport Premium
22.08.2015;3. runde;Premier League;Leicester;1 - 1;Tottenham;TV 2 Sport Premium
22.08.2015;3. runde;Premier League;Crystal Palace;2 - 1;Aston Villa;
22.08.2015;3. runde;Premier League;Norwich;1 - 1;Stoke;
22.08.2015;3. runde;Premier League;Sunderland;1 - 1;Swansea;
22.08.2015;3. runde;Premier League;West Ham;3 - 4;Bournemouth;
22.08.2015;1. runde;Serie A;Verona;1 - 1;Roma;
22.08.2015;1. runde;Serie A;Lazio;2 - 1;Bologna;
22.08.2015;2. runde;Bundesliga;Hoffenheim;1 - 2;Bayern;Eurosport 2
22.08.2015;2. runde;Bundesliga;Eintracht Frankfurt;1 - 1;Augsburg;
22.08.2015;2. runde;Bundesliga;Hannover;0 - 1;Leverkusen;
22.08.2015;2. runde;Bundesliga;Köln;1 - 1;Wolfsburg;
22.08.2015;2. runde;Bundesliga;Schalke;1 - 1;Darmstadt;
22.08.2015;2. runde;Bundesliga;Hamburg;3 - 2;Stuttgart;Eurosport 2
23.08.2015;21. runde;Tippeligaen;Vålerenga;0 - 1;Molde;C More Fotball
23.08.2015;21. runde;Tippeligaen;Odd;1 - 0;Viking;C More Live
23.08.2015;21. runde;Tippeligaen;Strømsgodset;2 - 1;Start;C More Fotball
23.08.2015;21. runde;Tippeligaen;Haugesund;2 - 4;Bodø/Glimt;C More Live
23.08.2015;21. runde;Tippeligaen;Sarpsborg 08;3 - 1;Aalesund;C More Live 2
23.08.2015;21. runde;Tippeligaen;Rosenborg;1 - 0;Mjøndalen;TV 2 Zebra
23.08.2015;3. runde;Premier League;West Bromwich;2 - 3;Chelsea;TV 2 Sport Premium
23.08.2015;3. runde;Premier League;Everton;0 - 2;Man. City;TV 2 Sport Premium
23.08.2015;3. runde;Premier League;Watford;0 - 0;Southampton;TV 2 Sport Premium 2
23.08.2015;21. runde;OBOS-ligaen;Brann;3 - 0;Hønefoss;TV 2 Zebra
23.08.2015;21. runde;OBOS-ligaen;Bryne;0 - 0;Åsane;TV 2 Sumo
23.08.2015;21. runde;OBOS-ligaen;Bærum;0 - 5;Sogndal;TV 2 Sumo
23.08.2015;21. runde;OBOS-ligaen;Jerv;4 - 0;Fredrikstad;TV 2 Sumo
23.08.2015;21. runde;OBOS-ligaen;Levanger;0 - 3;Nest-Sotra;TV 2 Sumo
23.08.2015;21. runde;OBOS-ligaen;Ranheim;0 - 1;Kristiansund BK;TV 2 Sumo
23.08.2015;21. runde;OBOS-ligaen;Brann;3 - 0;Hønefoss;TV 2 Zebra
23.08.2015;21. runde;OBOS-ligaen;Bryne;0 - 0;Åsane;TV 2 Sumo
23.08.2015;21. runde;OBOS-ligaen;Bærum;0 - 5;Sogndal;TV 2 Sumo
23.08.2015;21. runde;OBOS-ligaen;Jerv;4 - 0;Fredrikstad;TV 2 Sumo
23.08.2015;21. runde;OBOS-ligaen;Levanger;0 - 3;Nest-Sotra;TV 2 Sumo
23.08.2015;21. runde;OBOS-ligaen;Ranheim;0 - 1;Kristiansund BK;TV 2 Sumo
23.08.2015;1. runde;Serie A;Juventus;0 - 1;Udinese;
23.08.2015;1. runde;Serie A;Empoli;1 - 3;Chievo;
23.08.2015;1. runde;Serie A;Fiorentina;2 - 0;Milan;
23.08.2015;1. runde;Serie A;Frosinone;1 - 2;Torino;
23.08.2015;1. runde;Serie A;Inter;1 - 0;Atalanta;
23.08.2015;1. runde;Serie A;Palermo;1 - 0;Genoa;
23.08.2015;1. runde;Serie A;Sampdoria;5 - 2;Carpi;
23.08.2015;1. runde;Serie A;Sassuolo;2 - 1;Napoli;
23.08.2015;2. runde;Bundesliga;Ingolstadt;0 - 4;Dortmund;Eurosport 2
23.08.2015;2. runde;Bundesliga;Mönchengladbach;1 - 2;Mainz;Eurosport 2
24.08.2015;3. runde;Premier League;Arsenal;0 - 0;Liverpool;TV 2 Sport Premium
24.08.2015;21. runde;OBOS-ligaen;Follo;1 - 1;Strømmen;TV 2 Sumo
24.08.2015;21. runde;OBOS-ligaen;Sandnes Ulf;0 - 2;Hødd;C More Fotball
24.08.2015;21. runde;OBOS-ligaen;Follo;1 - 1;Strømmen;TV 2 Sumo
24.08.2015;21. runde;OBOS-ligaen;Sandnes Ulf;0 - 2;Hødd;C More Fotball
28.08.2015;22. runde;Tippeligaen;Aalesund;2 - 0;Vålerenga;TV 2 Zebra
28.08.2015;3. runde;Bundesliga;Wolfsburg;3 - 0;Schalke;Eurosport 2
29.08.2015;22. runde;Tippeligaen;Viking;2 - 0;Sandefjord;C More Fotball
29.08.2015;4. runde;Premier League;Newcastle;0 - 1;Arsenal;TV 2 Sport Premium
29.08.2015;4. runde;Premier League;Liverpool;0 - 3;West Ham;TV 2 Sport Premium
29.08.2015;4. runde;Premier League;Man. City;2 - 0;Watford;Opptak SP kl. 21.30
29.08.2015;4. runde;Premier League;Chelsea;1 - 2;Crystal Palace;Opptak SP 2 kl. 20.30
29.08.2015;4. runde;Premier League;Aston Villa;2 - 2;Sunderland;Opptak SP 2 kl. 22.30
29.08.2015;4. runde;Premier League;Bournemouth;1 - 1;Leicester;Opptak SP 3 kl. 20.30
29.08.2015;4. runde;Premier League;Stoke;0 - 1;West Bromwich;Opptak SP 3 kl. 22.30
29.08.2015;4. runde;Premier League;Tottenham;0 - 0;Everton;TV 2 Sport Premium
29.08.2015;2. runde;Serie A;Bologna;0 - 1;Sassuolo;
29.08.2015;2. runde;Serie A;Milan;2 - 1;Empoli;
29.08.2015;3. runde;Bundesliga;Köln;2 - 1;Hamburg;Eurosport 2
29.08.2015;3. runde;Bundesliga;Augsburg;0 - 1;Ingolstadt;
29.08.2015;3. runde;Bundesliga;Darmstadt;0 - 0;Hoffenheim;
29.08.2015;3. runde;Bundesliga;Mainz;3 - 0;Hannover;
29.08.2015;3. runde;Bundesliga;Stuttgart;1 - 4;Eintracht Frankfurt;
29.08.2015;3. runde;Bundesliga;Bayern;3 - 0;Leverkusen;Eurosport 2
30.08.2015;22. runde;Tippeligaen;Stabæk;1 - 2;Odd;C More Fotball
30.08.2015;22. runde;Tippeligaen;Molde;2 - 2;Lillestrøm;C More Live
30.08.2015;22. runde;Tippeligaen;Mjøndalen;2 - 4;Strømsgodset;C More Fotball
30.08.2015;22. runde;Tippeligaen;Start;1 - 3;Haugesund;C More Live
30.08.2015;22. runde;Tippeligaen;Bodø/Glimt;3 - 1;Sarpsborg 08;C More Live 2
30.08.2015;22. runde;Tippeligaen;Tromsø;1 - 1;Rosenborg;TV 2 Zebra
30.08.2015;4. runde;Premier League;Southampton;3 - 0;Norwich;TV 2 Sport Premium
30.08.2015;4. runde;Premier League;Swansea;2 - 1;Man. United;TV 2 Sport Premium
30.08.2015;22. runde;OBOS-ligaen;Strømmen;2 - 3;Brann;TV 2 Zebra
30.08.2015;22. runde;OBOS-ligaen;Fredrikstad;3 - 2;Sandnes Ulf;TV 2 Sumo
30.08.2015;22. runde;OBOS-ligaen;Hødd;2 - 0;Bryne;TV 2 Sumo
30.08.2015;22. runde;OBOS-ligaen;Hønefoss;2 - 2;Bærum;TV 2 Sumo
30.08.2015;22. runde;OBOS-ligaen;Kristiansund BK;2 - 1;Levanger;TV 2 Sumo
30.08.2015;22. runde;OBOS-ligaen;Nest-Sotra;1 - 2;Ranheim;TV 2 Sumo
30.08.2015;22. runde;OBOS-ligaen;Sogndal;2 - 1;Follo;TV 2 Sumo
30.08.2015;22. runde;OBOS-ligaen;Åsane;1 - 1;Jerv;TV 2 Sumo
30.08.2015;22. runde;OBOS-ligaen;Strømmen;2 - 3;Brann;TV 2 Zebra
30.08.2015;22. runde;OBOS-ligaen;Fredrikstad;3 - 2;Sandnes Ulf;TV 2 Sumo
30.08.2015;22. runde;OBOS-ligaen;Hødd;2 - 0;Bryne;TV 2 Sumo
30.08.2015;22. runde;OBOS-ligaen;Hønefoss;2 - 2;Bærum;TV 2 Sumo
30.08.2015;22. runde;OBOS-ligaen;Kristiansund BK;2 - 1;Levanger;TV 2 Sumo
30.08.2015;22. runde;OBOS-ligaen;Nest-Sotra;1 - 2;Ranheim;TV 2 Sumo
30.08.2015;22. runde;OBOS-ligaen;Sogndal;2 - 1;Follo;TV 2 Sumo
30.08.2015;22. runde;OBOS-ligaen;Åsane;1 - 1;Jerv;TV 2 Sumo
30.08.2015;2. runde;Serie A;Roma;2 - 1;Juventus;
30.08.2015;2. runde;Serie A;Atalanta;2 - 0;Frosinone;
30.08.2015;2. runde;Serie A;Carpi;1 - 2;Inter;
30.08.2015;2. runde;Serie A;Chievo;4 - 0;Lazio;
30.08.2015;2. runde;Serie A;Genoa;2 - 0;Verona;
30.08.2015;2. runde;Serie A;Napoli;2 - 2;Sampdoria;
30.08.2015;2. runde;Serie A;Torino;3 - 1;Fiorentina;
30.08.2015;2. runde;Serie A;Udinese;0 - 1;Palermo;
30.08.2015;3. runde;Bundesliga;Dortmund;3 - 1;Hertha;Eurosport 2
30.08.2015;3. runde;Bundesliga;Bremen;2 - 1;Mönchengladbach;Eurosport 2
11.09.2015;23. runde;Tippeligaen;Strømsgodset;5 - 0;Haugesund;TV 2 Zebra
11.09.2015;4. runde;Bundesliga;Mönchengladbach;0 - 3;Hamburg;Eurosport 2
12.09.2015;23. runde;Tippeligaen;Sandefjord;2 - 4;Molde;C More Fotball
12.09.2015;5. runde;Premier League;Everton;3 - 1;Chelsea;TV 2 Sport Premium
12.09.2015;5. runde;Premier League;Crystal Palace;0 - 1;Man. City;TV 2 Sport Premium
12.09.2015;5. runde;Premier League;West Bromwich;0 - 0;Southampton;Opptak SP kl. 21.30
12.09.2015;5. runde;Premier League;Arsenal;2 - 0;Stoke;Opptak SP 2 kl. 20.30
12.09.2015;5. runde;Premier League;Watford;1 - 0;Swansea;Opptak SP 2 kl. 22.30
12.09.2015;5. runde;Premier League;Norwich;3 - 1;Bournemouth;Opptak SP 3 kl. 20.30
12.09.2015;5. runde;Premier League;Man. United;3 - 1;Liverpool;TV 2 Sport Premium
12.09.2015;3. runde;Serie A;Fiorentina;1 - 0;Genoa;
12.09.2015;3. runde;Serie A;Frosinone;0 - 2;Roma;
12.09.2015;3. runde;Serie A;Juventus;1 - 1;Chievo;
12.09.2015;4. runde;Bundesliga;Bayern;2 - 1;Augsburg;Eurosport 2
12.09.2015;4. runde;Bundesliga;Hannover;2 - 4;Dortmund;
12.09.2015;4. runde;Bundesliga;Hertha;2 - 1;Stuttgart;
12.09.2015;4. runde;Bundesliga;Ingolstadt;0 - 0;Wolfsburg;
12.09.2015;4. runde;Bundesliga;Leverkusen;0 - 1;Darmstadt;
12.09.2015;4. runde;Bundesliga;Eintracht Frankfurt;6 - 2;Köln;Eurosport 2
13.09.2015;23. runde;Tippeligaen;Tromsø;0 - 0;Mjøndalen;C More Fotball
13.09.2015;23. runde;Tippeligaen;Rosenborg;1 - 0;Stabæk;C More Fotball
13.09.2015;23. runde;Tippeligaen;Odd;2 - 1;Bodø/Glimt;C More Live
13.09.2015;23. runde;Tippeligaen;Lillestrøm;3 - 1;Aalesund;C More Live 2
13.09.2015;23. runde;Tippeligaen;Sarpsborg 08;3 - 1;Start;C More Live 3
13.09.2015;23. runde;Tippeligaen;Vålerenga;2 - 4;Viking;TV 2 Zebra
13.09.2015;5. runde;Premier League;Sunderland;0 - 1;Tottenham;TV 2 Sport Premium
13.09.2015;5. runde;Premier League;Leicester;3 - 2;Aston Villa;TV 2 Sport Premium
13.09.2015;23. runde;OBOS-ligaen;Bærum;1 - 2;Kristiansund BK;TV 2 Sumo
13.09.2015;23. runde;OBOS-ligaen;Follo;3 - 0;Hødd;TV 2 Sumo
13.09.2015;23. runde;OBOS-ligaen;Jerv;2 - 0;Ranheim;TV 2 Sumo
13.09.2015;23. runde;OBOS-ligaen;Levanger;0 - 1;Strømmen;TV 2 Sumo
13.09.2015;23. runde;OBOS-ligaen;Bryne;3 - 2;Hønefoss;TV 2 Sumo
13.09.2015;23. runde;OBOS-ligaen;Sandnes Ulf;1 - 3;Åsane;TV 2 Sumo
13.09.2015;23. runde;OBOS-ligaen;Bærum;1 - 2;Kristiansund BK;TV 2 Sumo
13.09.2015;23. runde;OBOS-ligaen;Follo;3 - 0;Hødd;TV 2 Sumo
13.09.2015;23. runde;OBOS-ligaen;Jerv;2 - 0;Ranheim;TV 2 Sumo
13.09.2015;23. runde;OBOS-ligaen;Levanger;0 - 1;Strømmen;TV 2 Sumo
13.09.2015;23. runde;OBOS-ligaen;Bryne;3 - 2;Hønefoss;TV 2 Sumo
13.09.2015;23. runde;OBOS-ligaen;Sandnes Ulf;1 - 3;Åsane;TV 2 Sumo
13.09.2015;3. runde;Serie A;Verona;2 - 2;Torino;
13.09.2015;3. runde;Serie A;Empoli;2 - 2;Napoli;
13.09.2015;3. runde;Serie A;Palermo;2 - 2;Carpi;
13.09.2015;3. runde;Serie A;Sassuolo;2 - 2;Atalanta;
13.09.2015;3. runde;Serie A;Lazio;2 - 0;Udinese;
13.09.2015;3. runde;Serie A;Inter;1 - 0;Milan;
13.09.2015;4. runde;Bundesliga;Hoffenheim;1 - 3;Bremen;Eurosport 2
13.09.2015;4. runde;Bundesliga;Schalke;2 - 1;Mainz;Eurosport 2
14.09.2015;5. runde;Premier League;West Ham;2 - 0;Newcastle;TV 2 Sport Premium
14.09.2015;23. runde;OBOS-ligaen;Sogndal;3 - 0;Nest-Sotra;TV 2 Zebra
14.09.2015;23. runde;OBOS-ligaen;Brann;5 - 1;Fredrikstad;C More Fotball
14.09.2015;23. runde;OBOS-ligaen;Sogndal;3 - 0;Nest-Sotra;TV 2 Zebra
14.09.2015;23. runde;OBOS-ligaen;Brann;5 - 1;Fredrikstad;C More Fotball
14.09.2015;3. runde;Serie A;Sampdoria;2 - 0;Bologna;
18.09.2015;24. runde;Tippeligaen;Viking;1 - 1;Strømsgodset;TV 2 Zebra
18.09.2015;5. runde;Bundesliga;Mainz;3 - 1;Hoffenheim;Eurosport 2
19.09.2015;24. runde;Tippeligaen;Start;0 - 0;Lillestrøm;C More Fotball
19.09.2015;24. runde;Tippeligaen;Stabæk;2 - 1;Tromsø;C More Fotball
19.09.2015;6. runde;Premier League;Chelsea;2 - 0;Arsenal;TV 2 Sport Premium
19.09.2015;6. runde;Premier League;Aston Villa;0 - 1;West Bromwich;TV 2 Sport Premium
19.09.2015;6. runde;Premier League;Stoke;2 - 2;Leicester;Opptak SP kl. 21.30
19.09.2015;6. runde;Premier League;Bournemouth;2 - 0;Sunderland;Opptak SP 2 kl. 20.30
19.09.2015;6. runde;Premier League;Swansea;0 - 0;Everton;Opptak SP 2 kl. 22.30
19.09.2015;6. runde;Premier League;Newcastle;1 - 2;Watford;Opptak SP 3 kl. 20.30
19.09.2015;6. runde;Premier League;Man. City;1 - 2;West Ham;TV 2 Sport Premium
19.09.2015;4. runde;Serie A;Udinese;1 - 2;Empoli;
19.09.2015;4. runde;Serie A;Milan;3 - 2;Palermo;
19.09.2015;5. runde;Bundesliga;Darmstadt;0 - 3;Bayern;Eurosport
19.09.2015;5. runde;Bundesliga;Bremen;0 - 1;Ingolstadt;
19.09.2015;5. runde;Bundesliga;Hamburg;0 - 0;Eintracht Frankfurt;
19.09.2015;5. runde;Bundesliga;Köln;1 - 0;Mönchengladbach;
19.09.2015;5. runde;Bundesliga;Wolfsburg;2 - 0;Hertha;
20.09.2015;24. runde;Tippeligaen;Aalesund;1 - 3;Odd;C More Fotball
20.09.2015;24. runde;Tippeligaen;Molde;1 - 0;Rosenborg;C More Fotball
20.09.2015;24. runde;Tippeligaen;Haugesund;1 - 1;Sarpsborg 08;C More Live
20.09.2015;24. runde;Tippeligaen;Bodø/Glimt;2 - 1;Sandefjord;C More Live 2
20.09.2015;24. runde;Tippeligaen;Mjøndalen;0 - 1;Vålerenga;TV 2 Zebra
20.09.2015;6. runde;Premier League;Tottenham;1 - 0;Crystal Palace;TV 2 Sport Premium
20.09.2015;6. runde;Premier League;Southampton;2 - 3;Man. United;TV 2 Sport Premium
20.09.2015;6. runde;Premier League;Liverpool;1 - 1;Norwich;TV 2 Sport Premium 2
20.09.2015;24. runde;OBOS-ligaen;Kristiansund BK;1 - 1;Follo;TV 2 Sumo
20.09.2015;24. runde;OBOS-ligaen;Nest-Sotra;2 - 3;Sandnes Ulf;TV 2 Sumo
20.09.2015;24. runde;OBOS-ligaen;Åsane;5 - 0;Bærum;TV 2 Sumo
20.09.2015;24. runde;OBOS-ligaen;Strømmen;0 - 1;Jerv;TV 2 Sumo
20.09.2015;24. runde;OBOS-ligaen;Fredrikstad;2 - 0;Bryne;TV 2 Sumo
20.09.2015;24. runde;OBOS-ligaen;Hønefoss;3 - 0;Levanger;TV 2 Sumo
20.09.2015;24. runde;OBOS-ligaen;Kristiansund BK;1 - 1;Follo;TV 2 Sumo
20.09.2015;24. runde;OBOS-ligaen;Nest-Sotra;2 - 3;Sandnes Ulf;TV 2 Sumo
20.09.2015;24. runde;OBOS-ligaen;Åsane;5 - 0;Bærum;TV 2 Sumo
20.09.2015;24. runde;OBOS-ligaen;Strømmen;0 - 1;Jerv;TV 2 Sumo
20.09.2015;24. runde;OBOS-ligaen;Fredrikstad;2 - 0;Bryne;TV 2 Sumo
20.09.2015;24. runde;OBOS-ligaen;Hønefoss;3 - 0;Levanger;TV 2 Sumo
20.09.2015;4. runde;Serie A;Chievo;0 - 1;Inter;
20.09.2015;4. runde;Serie A;Atalanta;1 - 1;Verona;
20.09.2015;4. runde;Serie A;Bologna;1 - 0;Frosinone;
20.09.2015;4. runde;Serie A;Genoa;0 - 2;Juventus;
20.09.2015;4. runde;Serie A;Roma;2 - 2;Sassuolo;
20.09.2015;4. runde;Serie A;Torino;2 - 0;Sampdoria;
20.09.2015;4. runde;Serie A;Carpi;0 - 1;Fiorentina;
20.09.2015;4. runde;Serie A;Napoli;5 - 0;Lazio;
20.09.2015;5. runde;Bundesliga;Stuttgart;0 - 1;Schalke;Eurosport
20.09.2015;5. runde;Bundesliga;Dortmund;3 - 0;Leverkusen;Eurosport 2
20.09.2015;5. runde;Bundesliga;Augsburg;2 - 0;Hannover;
21.09.2015;24. runde;OBOS-ligaen;Hødd;1 - 0;Sogndal;TV 2 Zebra
21.09.2015;24. runde;OBOS-ligaen;Ranheim;0 - 0;Brann;C More Fotball
21.09.2015;24. runde;OBOS-ligaen;Hødd;1 - 0;Sogndal;TV 2 Zebra
21.09.2015;24. runde;OBOS-ligaen;Ranheim;0 - 0;Brann;C More Fotball
22.09.2015;5. runde;Serie A;Udinese;2 - 3;Milan;
22.09.2015;6. runde;Bundesliga;Bayern;5 - 1;Wolfsburg;Eurosport
22.09.2015;6. runde;Bundesliga;Darmstadt;2 - 1;Bremen;
22.09.2015;6. runde;Bundesliga;Hertha;2 - 0;Köln;
22.09.2015;6. runde;Bundesliga;Ingolstadt;0 - 1;Hamburg;
23.09.2015;17. runde;Tippeligaen;Strømsgodset;1 - 0;Molde;C More Fotball
23.09.2015;5. runde;Serie A;Carpi;0 - 0;Napoli;
23.09.2015;5. runde;Serie A;Chievo;1 - 0;Torino;
23.09.2015;5. runde;Serie A;Fiorentina;2 - 0;Bologna;
23.09.2015;5. runde;Serie A;Inter;1 - 0;Verona;
23.09.2015;5. runde;Serie A;Juventus;1 - 1;Frosinone;
23.09.2015;5. runde;Serie A;Lazio;2 - 0;Genoa;
23.09.2015;5. runde;Serie A;Palermo;0 - 1;Sassuolo;
23.09.2015;5. runde;Serie A;Sampdoria;2 - 1;Roma;
23.09.2015;6. runde;Bundesliga;Hoffenheim;1 - 1;Dortmund;Eurosport 2
23.09.2015;6. runde;Bundesliga;Hannover;1 - 3;Stuttgart;
23.09.2015;6. runde;Bundesliga;Leverkusen;1 - 0;Mainz;
23.09.2015;6. runde;Bundesliga;Mönchengladbach;4 - 2;Augsburg;
23.09.2015;6. runde;Bundesliga;Schalke;2 - 0;Eintracht Frankfurt;
24.09.2015;5. runde;Serie A;Empoli;0 - 1;Atalanta;
25.09.2015;25. runde;Tippeligaen;Vålerenga;1 - 1;Start;TV 2 Zebra
25.09.2015;7. runde;Bundesliga;Köln;1 - 1;Ingolstadt;Eurosport 2
26.09.2015;25. runde;Tippeligaen;Lillestrøm;3 - 0;Mjøndalen;C More Fotball
26.09.2015;25. runde;Tippeligaen;Strømsgodset;3 - 1;Bodø/Glimt;C More Fotball
26.09.2015;7. runde;Premier League;Tottenham;4 - 1;Man. City;TV 2 Sport Premium
26.09.2015;7. runde;Premier League;Man. United;3 - 0;Sunderland;TV 2 Sport Premium
26.09.2015;7. runde;Premier League;Stoke;2 - 1;Bournemouth;Opptak SP kl. 21.30
26.09.2015;7. runde;Premier League;Liverpool;3 - 2;Aston Villa;Opptak SP 2 kl. 20.30
26.09.2015;7. runde;Premier League;Southampton;3 - 1;Swansea;Opptak SP 2 kl. 22.30
26.09.2015;7. runde;Premier League;Leicester;2 - 5;Arsenal;Opptak SP 3 kl. 20.30
26.09.2015;7. runde;Premier League;West Ham;2 - 2;Norwich;Opptak SP 3 kl. 22.30
26.09.2015;7. runde;Premier League;Newcastle;2 - 2;Chelsea;TV 2 Sport Premium
26.09.2015;6. runde;Serie A;Roma;5 - 1;Carpi;
26.09.2015;6. runde;Serie A;Napoli;2 - 1;Juventus;
26.09.2015;7. runde;Bundesliga;Mainz;0 - 3;Bayern;Eurosport 2
26.09.2015;7. runde;Bundesliga;Augsburg;1 - 3;Hoffenheim;
26.09.2015;7. runde;Bundesliga;Bremen;0 - 3;Leverkusen;
26.09.2015;7. runde;Bundesliga;Stuttgart;1 - 3;Mönchengladbach;
26.09.2015;7. runde;Bundesliga;Wolfsburg;1 - 1;Hannover;
26.09.2015;7. runde;Bundesliga;Hamburg;0 - 1;Schalke;Eurosport 2
27.09.2015;25. runde;Tippeligaen;Odd;1 - 1;Sarpsborg 08;C More Fotball
27.09.2015;25. runde;Tippeligaen;Rosenborg;2 - 0;Viking;C More Fotball
27.09.2015;25. runde;Tippeligaen;Sandefjord;0 - 1;Haugesund;C More Live
27.09.2015;25. runde;Tippeligaen;Tromsø;1 - 1;Aalesund;C More Live 2
27.09.2015;25. runde;Tippeligaen;Stabæk;1 - 0;Molde;TV 2 Zebra
27.09.2015;7. runde;Premier League;Watford;0 - 1;Crystal Palace;TV 2 Sport Premium
27.09.2015;25. runde;OBOS-ligaen;Bærum;5 - 2;Nest-Sotra;TV 2 Sumo
27.09.2015;25. runde;OBOS-ligaen;Follo;2 - 3;Fredrikstad;TV 2 Sumo
27.09.2015;25. runde;OBOS-ligaen;Jerv;0 - 1;Kristiansund BK;TV 2 Sumo
27.09.2015;25. runde;OBOS-ligaen;Levanger;2 - 2;Åsane;TV 2 Sumo
27.09.2015;25. runde;OBOS-ligaen;Hødd;1 - 1;Ranheim;TV 2 Sumo
27.09.2015;25. runde;OBOS-ligaen;Sandnes Ulf;1 - 0;Hønefoss;TV 2 Sumo
27.09.2015;25. runde;OBOS-ligaen;Bærum;5 - 2;Nest-Sotra;TV 2 Sumo
27.09.2015;25. runde;OBOS-ligaen;Follo;2 - 3;Fredrikstad;TV 2 Sumo
27.09.2015;25. runde;OBOS-ligaen;Jerv;0 - 1;Kristiansund BK;TV 2 Sumo
27.09.2015;25. runde;OBOS-ligaen;Levanger;2 - 2;Åsane;TV 2 Sumo
27.09.2015;25. runde;OBOS-ligaen;Hødd;1 - 1;Ranheim;TV 2 Sumo
27.09.2015;25. runde;OBOS-ligaen;Sandnes Ulf;1 - 0;Hønefoss;TV 2 Sumo
27.09.2015;6. runde;Serie A;Genoa;1 - 0;Milan;
27.09.2015;6. runde;Serie A;Bologna;1 - 2;Udinese;
27.09.2015;6. runde;Serie A;Sassuolo;1 - 1;Chievo;
27.09.2015;6. runde;Serie A;Torino;2 - 1;Palermo;
27.09.2015;6. runde;Serie A;Verona;1 - 2;Lazio;
27.09.2015;6. runde;Serie A;Inter;1 - 4;Fiorentina;
27.09.2015;7. runde;Bundesliga;Eintracht Frankfurt;1 - 1;Hertha;Eurosport 2
27.09.2015;7. runde;Bundesliga;Dortmund;2 - 2;Darmstadt;Eurosport 2
28.09.2015;7. runde;Premier League;West Bromwich;2 - 3;Everton;TV 2 Sport Premium
28.09.2015;25. runde;OBOS-ligaen;Brann;2 - 1;Bryne;TV 2 Zebra
28.09.2015;25. runde;OBOS-ligaen;Sogndal;3 - 2;Strømmen;C More Fotball
28.09.2015;25. runde;OBOS-ligaen;Brann;2 - 1;Bryne;TV 2 Zebra
28.09.2015;25. runde;OBOS-ligaen;Sogndal;3 - 2;Strømmen;C More Fotball
28.09.2015;6. runde;Serie A;Frosinone;2 - 0;Empoli;
28.09.2015;6. runde;Serie A;Atalanta;2 - 1;Sampdoria;
02.10.2015;26. runde;Tippeligaen;Bodø/Glimt;1 - 1;Vålerenga;TV 2 Zebra
02.10.2015;8. runde;Bundesliga;Darmstadt;2 - 3;Mainz;Eurosport 2
03.10.2015;26. runde;Tippeligaen;Sarpsborg 08;1 - 6;Strømsgodset;C More Fotball
03.10.2015;26. runde;Tippeligaen;Mjøndalen;1 - 4;Stabæk;C More Fotball
03.10.2015;8. runde;Premier League;Crystal Palace;2 - 0;West Bromwich;TV 2 Sport Premium
03.10.2015;8. runde;Premier League;Man. City;6 - 1;Newcastle;TV 2 Sport Premium
03.10.2015;8. runde;Premier League;Norwich;1 - 2;Leicester;Opptak SP kl. 21.30
03.10.2015;8. runde;Premier League;Aston Villa;0 - 1;Stoke;Opptak SP 2 kl. 20.30
03.10.2015;8. runde;Premier League;Bournemouth;1 - 1;Watford;Opptak SP 2 kl. 22.30
03.10.2015;8. runde;Premier League;Sunderland;2 - 2;West Ham;Opptak SP 3 kl. 20.30
03.10.2015;8. runde;Premier League;Chelsea;1 - 3;Southampton;TV 2 Sport Premium
03.10.2015;7. runde;Serie A;Carpi;2 - 1;Torino;
03.10.2015;7. runde;Serie A;Chievo;1 - 1;Verona;
03.10.2015;8. runde;Bundesliga;Mönchengladbach;2 - 0;Wolfsburg;Eurosport 2
03.10.2015;8. runde;Bundesliga;Hannover;1 - 0;Bremen;
03.10.2015;8. runde;Bundesliga;Hertha;3 - 0;Hamburg;
03.10.2015;8. runde;Bundesliga;Hoffenheim;2 - 2;Stuttgart;
03.10.2015;8. runde;Bundesliga;Ingolstadt;2 - 0;Eintracht Frankfurt;
04.10.2015;26. runde;Tippeligaen;Haugesund;1 - 2;Odd;C More Live
04.10.2015;26. runde;Tippeligaen;Viking;1 - 0;Lillestrøm;C More Fotball
04.10.2015;26. runde;Tippeligaen;Aalesund;2 - 1;Sandefjord;C More Live
04.10.2015;26. runde;Tippeligaen;Molde;4 - 0;Tromsø;C More Live 2
04.10.2015;26. runde;Tippeligaen;Start;0 - 4;Rosenborg;TV 2 Zebra
04.10.2015;8. runde;Premier League;Everton;1 - 1;Liverpool;TV 2 Sport Premium
04.10.2015;8. runde;Premier League;Arsenal;3 - 0;Man. United;TV 2 Sport Premium
04.10.2015;8. runde;Premier League;Swansea;2 - 2;Tottenham;TV 2 Sport Premium 2
04.10.2015;26. runde;OBOS-ligaen;Nest-Sotra;3 - 2;Hødd;TV 2 Sumo
04.10.2015;26. runde;OBOS-ligaen;Strømmen;0 - 3;Sandnes Ulf;TV 2 Sumo
04.10.2015;26. runde;OBOS-ligaen;Åsane;1 - 1;Sogndal;TV 2 Sumo
04.10.2015;26. runde;OBOS-ligaen;Kristiansund BK;0 - 1;Brann;C More Fotball
04.10.2015;26. runde;OBOS-ligaen;Bryne;1 - 2;Jerv;TV 2 Sumo
04.10.2015;26. runde;OBOS-ligaen;Hønefoss;2 - 1;Follo;TV 2 Sumo
04.10.2015;26. runde;OBOS-ligaen;Ranheim;3 - 2;Levanger;TV 2 Sumo
04.10.2015;26. runde;OBOS-ligaen;Nest-Sotra;3 - 2;Hødd;TV 2 Sumo
04.10.2015;26. runde;OBOS-ligaen;Strømmen;0 - 3;Sandnes Ulf;TV 2 Sumo
04.10.2015;26. runde;OBOS-ligaen;Åsane;1 - 1;Sogndal;TV 2 Sumo
04.10.2015;26. runde;OBOS-ligaen;Kristiansund BK;0 - 1;Brann;C More Fotball
04.10.2015;26. runde;OBOS-ligaen;Bryne;1 - 2;Jerv;TV 2 Sumo
04.10.2015;26. runde;OBOS-ligaen;Hønefoss;2 - 1;Follo;TV 2 Sumo
04.10.2015;26. runde;OBOS-ligaen;Ranheim;3 - 2;Levanger;TV 2 Sumo
04.10.2015;7. runde;Serie A;Empoli;1 - 0;Sassuolo;
04.10.2015;7. runde;Serie A;Palermo;2 - 4;Roma;
04.10.2015;7. runde;Serie A;Sampdoria;1 - 1;Inter;
04.10.2015;7. runde;Serie A;Udinese;1 - 1;Genoa;
04.10.2015;7. runde;Serie A;Juventus;3 - 1;Bologna;
04.10.2015;7. runde;Serie A;Lazio;2 - 0;Frosinone;
04.10.2015;7. runde;Serie A;Fiorentina;3 - 0;Atalanta;
04.10.2015;7. runde;Serie A;Milan;0 - 4;Napoli;
04.10.2015;8. runde;Bundesliga;Schalke;0 - 3;Köln;Eurosport 2
04.10.2015;8. runde;Bundesliga;Bayern;5 - 1;Dortmund;Eurosport 2
04.10.2015;8. runde;Bundesliga;Leverkusen;1 - 1;Augsburg;
05.10.2015;26. runde;OBOS-ligaen;Fredrikstad;3 - 3;Bærum;TV 2 Zebra
05.10.2015;26. runde;OBOS-ligaen;Fredrikstad;3 - 3;Bærum;TV 2 Zebra
11.10.2015;27. runde;OBOS-ligaen;Bærum;2 - 0;Sandnes Ulf;TV 2 Sumo
11.10.2015;27. runde;OBOS-ligaen;Follo;2 - 0;Åsane;TV 2 Sumo
11.10.2015;27. runde;OBOS-ligaen;Levanger;1 - 0;Bryne;TV 2 Sumo
11.10.2015;27. runde;OBOS-ligaen;Nest-Sotra;2 - 0;Strømmen;TV 2 Sumo
11.10.2015;27. runde;OBOS-ligaen;Bærum;2 - 0;Sandnes Ulf;TV 2 Sumo
11.10.2015;27. runde;OBOS-ligaen;Follo;2 - 0;Åsane;TV 2 Sumo
11.10.2015;27. runde;OBOS-ligaen;Levanger;1 - 0;Bryne;TV 2 Sumo
11.10.2015;27. runde;OBOS-ligaen;Nest-Sotra;2 - 0;Strømmen;TV 2 Sumo
14.10.2015;27. runde;OBOS-ligaen;Brann;2 - 0;Jerv;TV 2 Zebra
14.10.2015;27. runde;OBOS-ligaen;Hødd;0 - 1;Hønefoss;TV 2 Sumo
14.10.2015;27. runde;OBOS-ligaen;Ranheim;4 - 0;Fredrikstad;TV 2 Sumo
14.10.2015;27. runde;OBOS-ligaen;Brann;2 - 0;Jerv;TV 2 Zebra
14.10.2015;27. runde;OBOS-ligaen;Hødd;0 - 1;Hønefoss;TV 2 Sumo
14.10.2015;27. runde;OBOS-ligaen;Ranheim;4 - 0;Fredrikstad;TV 2 Sumo
16.10.2015;27. runde;Tippeligaen;Strømsgodset;2 - 1;Odd;TV 2 Zebra
16.10.2015;9. runde;Bundesliga;Mainz;0 - 2;Dortmund;Eurosport 2
17.10.2015;27. runde;Tippeligaen;Sandefjord;4 - 1;Start;C More Fotball
17.10.2015;27. runde;Tippeligaen;Stabæk;1 - 4;Aalesund;C More Fotball
17.10.2015;9. runde;Premier League;Tottenham;0 - 0;Liverpool;TV 2 Sport Premium
17.10.2015;9. runde;Premier League;Everton;0 - 3;Man. United;TV 2 Sport Premium
17.10.2015;9. runde;Premier League;Southampton;2 - 2;Leicester;Opptak SP kl. 21.30
17.10.2015;9. runde;Premier League;Chelsea;2 - 0;Aston Villa;Opptak SP 2 kl. 20.30
17.10.2015;9. runde;Premier League;Crystal Palace;1 - 3;West Ham;Opptak SP 2 kl. 22.30
17.10.2015;9. runde;Premier League;Man. City;5 - 1;Bournemouth;Opptak SP 3 kl. 20.30
17.10.2015;9. runde;Premier League;West Bromwich;1 - 0;Sunderland;Opptak SP 3 kl. 22.30
17.10.2015;9. runde;Premier League;Watford;0 - 3;Arsenal;TV 2 Sport Premium
17.10.2015;8. runde;Serie A;Roma;3 - 1;Empoli;Viasat Sport
17.10.2015;8. runde;Serie A;Torino;1 - 1;Milan;Viasat Sport
17.10.2015;9. runde;Bundesliga;Bremen;0 - 1;Bayern;Eurosport 2
17.10.2015;9. runde;Bundesliga;Augsburg;0 - 2;Darmstadt;
17.10.2015;9. runde;Bundesliga;Hamburg;0 - 0;Leverkusen;
17.10.2015;9. runde;Bundesliga;Schalke;2 - 1;Hertha;
17.10.2015;9. runde;Bundesliga;Wolfsburg;4 - 2;Hoffenheim;
17.10.2015;9. runde;Bundesliga;Eintracht Frankfurt;1 - 5;Mönchengladbach;Eurosport 2
18.10.2015;27. runde;Tippeligaen;Molde;3 - 1;Mjøndalen;C More Fotball
18.10.2015;27. runde;Tippeligaen;Rosenborg;1 - 1;Bodø/Glimt;C More Fotball
18.10.2015;27. runde;Tippeligaen;Vålerenga;3 - 1;Sarpsborg 08;C More Live
18.10.2015;27. runde;Tippeligaen;Lillestrøm;2 - 0;Haugesund;C More Live 2
18.10.2015;27. runde;Tippeligaen;Tromsø;3 - 1;Viking;TV 2 Zebra
18.10.2015;9. runde;Premier League;Newcastle;6 - 2;Norwich;TV 2 Sport Premium
18.10.2015;28. runde;OBOS-ligaen;Jerv;3 - 0;Nest-Sotra;TV 2 Sumo
18.10.2015;28. runde;OBOS-ligaen;Strømmen;2 - 4;Ranheim;TV 2 Sumo
18.10.2015;28. runde;OBOS-ligaen;Åsane;2 - 0;Kristiansund BK;TV 2 Sumo
18.10.2015;28. runde;OBOS-ligaen;Hønefoss;2 - 5;Sogndal;C More Live
18.10.2015;28. runde;OBOS-ligaen;Bryne;2 - 0;Follo;TV 2 Sumo
18.10.2015;28. runde;OBOS-ligaen;Fredrikstad;1 - 2;Hødd;TV 2 Sumo
18.10.2015;28. runde;OBOS-ligaen;Sandnes Ulf;2 - 3;Levanger;TV 2 Sumo
18.10.2015;28. runde;OBOS-ligaen;Jerv;3 - 0;Nest-Sotra;TV 2 Sumo
18.10.2015;28. runde;OBOS-ligaen;Strømmen;2 - 4;Ranheim;TV 2 Sumo
18.10.2015;28. runde;OBOS-ligaen;Åsane;2 - 0;Kristiansund BK;TV 2 Sumo
18.10.2015;28. runde;OBOS-ligaen;Hønefoss;2 - 5;Sogndal;C More Live
18.10.2015;28. runde;OBOS-ligaen;Bryne;2 - 0;Follo;TV 2 Sumo
18.10.2015;28. runde;OBOS-ligaen;Fredrikstad;1 - 2;Hødd;TV 2 Sumo
18.10.2015;28. runde;OBOS-ligaen;Sandnes Ulf;2 - 3;Levanger;TV 2 Sumo
18.10.2015;8. runde;Serie A;Bologna;0 - 1;Palermo;Viasat Sport
18.10.2015;8. runde;Serie A;Atalanta;3 - 0;Carpi;
18.10.2015;8. runde;Serie A;Frosinone;2 - 0;Sampdoria;
18.10.2015;8. runde;Serie A;Genoa;3 - 2;Chievo;
18.10.2015;8. runde;Serie A;Sassuolo;2 - 1;Lazio;
18.10.2015;8. runde;Serie A;Verona;1 - 1;Udinese;
18.10.2015;8. runde;Serie A;Napoli;2 - 1;Fiorentina;Viasat Sport
18.10.2015;8. runde;Serie A;Inter;0 - 0;Juventus;Viasat Fotball
18.10.2015;9. runde;Bundesliga;Köln;0 - 1;Hannover;Eurosport 2
18.10.2015;9. runde;Bundesliga;Stuttgart;1 - 0;Ingolstadt;Eurosport 2
19.10.2015;9. runde;Premier League;Swansea;0 - 1;Stoke;TV 2 Sport Premium
19.10.2015;28. runde;OBOS-ligaen;Brann;2 - 2;Bærum;TV 2 Zebra
19.10.2015;28. runde;OBOS-ligaen;Brann;2 - 2;Bærum;TV 2 Zebra
21.10.2015;27. runde;OBOS-ligaen;Sogndal;4 - 3;Kristiansund BK;C More Fotball
21.10.2015;27. runde;OBOS-ligaen;Sogndal;4 - 3;Kristiansund BK;C More Fotball
23.10.2015;28. runde;Tippeligaen;Start;1 - 1;Mjøndalen;TV 2 Zebra
23.10.2015;10. runde;Bundesliga;Hoffenheim;0 - 1;Hamburg;Eurosport 2
24.10.2015;28. runde;Tippeligaen;Sarpsborg 08;1 - 0;Tromsø;C More Fotball
24.10.2015;28. runde;Tippeligaen;Haugesund;0 - 1;Vålerenga;C More Fotball
24.10.2015;10. runde;Premier League;West Ham;2 - 1;Chelsea;TV 2 Sport Premium
24.10.2015;10. runde;Premier League;Stoke;0 - 2;Watford;Opptak SP kl. 21.30
24.10.2015;10. runde;Premier League;Aston Villa;1 - 2;Swansea;Opptak SP 2 kl. 20.30
24.10.2015;10. runde;Premier League;Norwich;0 - 1;West Bromwich;Opptak SP 2 kl. 22.30
24.10.2015;10. runde;Premier League;Leicester;1 - 0;Crystal Palace;Opptak SP 3 kl. 20.30
24.10.2015;10. runde;Premier League;Arsenal;2 - 1;Everton;TV 2 Sport Premium
24.10.2015;9. runde;Serie A;Empoli;2 - 0;Genoa;Viasat Sport
24.10.2015;9. runde;Serie A;Carpi;1 - 2;Bologna;Viasat Sport
24.10.2015;9. runde;Serie A;Palermo;1 - 1;Inter;Viasat Sport
24.10.2015;10. runde;Bundesliga;Bayern;4 - 0;Köln;Eurosport 2
24.10.2015;10. runde;Bundesliga;Darmstadt;0 - 1;Wolfsburg;
24.10.2015;10. runde;Bundesliga;Hannover;1 - 2;Eintracht Frankfurt;
24.10.2015;10. runde;Bundesliga;Leverkusen;4 - 3;Stuttgart;
24.10.2015;10. runde;Bundesliga;Mainz;1 - 3;Bremen;
24.10.2015;10. runde;Bundesliga;Ingolstadt;0 - 1;Hertha;Eurosport 2
25.10.2015;28. runde;Tippeligaen;Aalesund;1 - 2;Molde;C More Fotball
25.10.2015;28. runde;Tippeligaen;Strømsgodset;3 - 3;Rosenborg;C More Fotball
25.10.2015;28. runde;Tippeligaen;Bodø/Glimt;0 - 3;Lillestrøm;C More Live
25.10.2015;28. runde;Tippeligaen;Odd;4 - 3;Sandefjord;C More Live 2
25.10.2015;28. runde;Tippeligaen;Viking;2 - 1;Stabæk;TV 2 Zebra
25.10.2015;10. runde;Premier League;Sunderland;3 - 0;Newcastle;TV 2 Sport Premium
25.10.2015;10. runde;Premier League;Man. United;0 - 0;Man. City;TV 2 Sport Premium
25.10.2015;10. runde;Premier League;Bournemouth;1 - 5;Tottenham;TV 2 Sport Premium 2
25.10.2015;10. runde;Premier League;Liverpool;1 - 1;Southampton;TV 2 Sport Premium
25.10.2015;29. runde;OBOS-ligaen;Åsane;3 - 3;Fredrikstad;TV 2 Zebra
25.10.2015;29. runde;OBOS-ligaen;Bærum;0 - 4;Jerv;TV 2 Sumo
25.10.2015;29. runde;OBOS-ligaen;Follo;1 - 2;Levanger;TV 2 Sumo
25.10.2015;29. runde;OBOS-ligaen;Hødd;1 - 1;Strømmen;TV 2 Sumo
25.10.2015;29. runde;OBOS-ligaen;Kristiansund BK;1 - 0;Hønefoss;TV 2 Sumo
25.10.2015;29. runde;OBOS-ligaen;Ranheim;4 - 1;Bryne;TV 2 Sumo
25.10.2015;29. runde;OBOS-ligaen;Sogndal;2 - 1;Sandnes Ulf;TV 2 Sumo
25.10.2015;29. runde;OBOS-ligaen;Nest-Sotra;2 - 1;Brann;C More Fotball
25.10.2015;29. runde;OBOS-ligaen;Åsane;3 - 3;Fredrikstad;TV 2 Zebra
25.10.2015;29. runde;OBOS-ligaen;Bærum;0 - 4;Jerv;TV 2 Sumo
25.10.2015;29. runde;OBOS-ligaen;Follo;1 - 2;Levanger;TV 2 Sumo
25.10.2015;29. runde;OBOS-ligaen;Hødd;1 - 1;Strømmen;TV 2 Sumo
25.10.2015;29. runde;OBOS-ligaen;Kristiansund BK;1 - 0;Hønefoss;TV 2 Sumo
25.10.2015;29. runde;OBOS-ligaen;Ranheim;4 - 1;Bryne;TV 2 Sumo
25.10.2015;29. runde;OBOS-ligaen;Sogndal;2 - 1;Sandnes Ulf;TV 2 Sumo
25.10.2015;29. runde;OBOS-ligaen;Nest-Sotra;2 - 1;Brann;C More Fotball
25.10.2015;9. runde;Serie A;Sampdoria;4 - 1;Verona;Viasat Sport
25.10.2015;9. runde;Serie A;Juventus;2 - 0;Atalanta;Viasat Sport
25.10.2015;9. runde;Serie A;Milan;2 - 1;Sassuolo;
25.10.2015;9. runde;Serie A;Udinese;1 - 0;Frosinone;
25.10.2015;9. runde;Serie A;Fiorentina;1 - 2;Roma;Viasat Sport
25.10.2015;9. runde;Serie A;Lazio;3 - 0;Torino;
25.10.2015;9. runde;Serie A;Chievo;0 - 1;Napoli;Viasat Sport
25.10.2015;10. runde;Bundesliga;Dortmund;5 - 1;Augsburg;Eurosport 2
25.10.2015;10. runde;Bundesliga;Mönchengladbach;3 - 1;Schalke;Eurosport 2
27.10.2015;10. runde;Serie A;Bologna;0 - 1;Inter;Viasat Sport
28.10.2015;10. runde;Serie A;Sassuolo;1 - 0;Juventus;Viasat Sport
28.10.2015;10. runde;Serie A;Atalanta;2 - 1;Lazio;
28.10.2015;10. runde;Serie A;Frosinone;2 - 1;Carpi;
28.10.2015;10. runde;Serie A;Milan;1 - 0;Chievo;
28.10.2015;10. runde;Serie A;Napoli;2 - 0;Palermo;
28.10.2015;10. runde;Serie A;Roma;3 - 1;Udinese;
28.10.2015;10. runde;Serie A;Torino;3 - 3;Genoa;
28.10.2015;10. runde;Serie A;Verona;0 - 2;Fiorentina;
29.10.2015;10. runde;Serie A;Sampdoria;1 - 1;Empoli;Viasat Fotball
30.10.2015;11. runde;Bundesliga;Eintracht Frankfurt;20.30;Bayern;Eurosport 2
31.10.2015;11. runde;Premier League;Chelsea;13.45;Liverpool;TV 2 Sport Premium
31.10.2015;11. runde;Premier League;Crystal Palace;16.00;Man. United;TV 2 Sport Premium
31.10.2015;11. runde;Premier League;Swansea;16.00;Arsenal;Opptak SP 2 kl. 20.30
31.10.2015;11. runde;Premier League;Newcastle;16.00;Stoke;Opptak SP 2 kl. 22.30
31.10.2015;11. runde;Premier League;Man. City;16.00;Norwich;Opptak SP 3 kl. 20.30
31.10.2015;11. runde;Premier League;West Bromwich;16.00;Leicester;Opptak SP 3 kl. 22.30
31.10.2015;11. runde;Premier League;Watford;16.00;West Ham;Opptak SP kl. 22.00
31.10.2015;11. runde;Serie A;Juventus;;Torino;Viasat Fotball
31.10.2015;11. runde;Serie A;Inter;;Roma;Viasat Sport
31.10.2015;11. runde;Bundesliga;Bremen;15.30;Dortmund;Eurosport 2
31.10.2015;11. runde;Bundesliga;Augsburg;15.30;Mainz;
31.10.2015;11. runde;Bundesliga;Hertha;15.30;Mönchengladbach;
31.10.2015;11. runde;Bundesliga;Köln;15.30;Hoffenheim;
31.10.2015;11. runde;Bundesliga;Schalke;15.30;Ingolstadt;
31.10.2015;11. runde;Bundesliga;Wolfsburg;18.30;Leverkusen;Eurosport 2
01.11.2015;29. runde;Tippeligaen;Rosenborg;;Haugesund;TV 2
01.11.2015;29. runde;Tippeligaen;Molde;;Viking;TV 2 Zebra
01.11.2015;29. runde;Tippeligaen;Stabæk;;Start;C More Fotball
01.11.2015;29. runde;Tippeligaen;Tromsø;;Bodø/Glimt;C More Live
01.11.2015;29. runde;Tippeligaen;Lillestrøm;;Sarpsborg 08;C More Extreme
01.11.2015;29. runde;Tippeligaen;Sandefjord;;Strømsgodset;C More Live 2
01.11.2015;29. runde;Tippeligaen;Vålerenga;;Odd;C More Live 3
01.11.2015;29. runde;Tippeligaen;Mjøndalen;;Aalesund;C More Live 4
01.11.2015;11. runde;Premier League;Everton;14.30;Sunderland;TV 2 Sport Premium
01.11.2015;11. runde;Premier League;Southampton;17.00;Bournemouth;TV 2 Sport Premium
01.11.2015;30. runde;OBOS-ligaen;Bryne;;Bærum;TV 2 Zebra
01.11.2015;30. runde;OBOS-ligaen;Hønefoss;;Åsane;TV 2 Sumo
01.11.2015;30. runde;OBOS-ligaen;Jerv;;Follo;TV 2 Sumo
01.11.2015;30. runde;OBOS-ligaen;Levanger;;Sogndal;TV 2 Sumo
01.11.2015;30. runde;OBOS-ligaen;Sandnes Ulf;;Ranheim;TV 2 Sumo
01.11.2015;30. runde;OBOS-ligaen;Strømmen;;Kristiansund BK;TV 2 Sumo
01.11.2015;30. runde;OBOS-ligaen;Brann;;Hødd;C More Fotball
01.11.2015;30. runde;OBOS-ligaen;Fredrikstad;;Nest-Sotra;TV 2 Sportskanalen
01.11.2015;30. runde;OBOS-ligaen;Bryne;;Bærum;TV 2 Zebra
01.11.2015;30. runde;OBOS-ligaen;Hønefoss;;Åsane;TV 2 Sumo
01.11.2015;30. runde;OBOS-ligaen;Jerv;;Follo;TV 2 Sumo
01.11.2015;30. runde;OBOS-ligaen;Levanger;;Sogndal;TV 2 Sumo
01.11.2015;30. runde;OBOS-ligaen;Sandnes Ulf;;Ranheim;TV 2 Sumo
01.11.2015;30. runde;OBOS-ligaen;Strømmen;;Kristiansund BK;TV 2 Sumo
01.11.2015;30. runde;OBOS-ligaen;Brann;;Hødd;C More Fotball
01.11.2015;30. runde;OBOS-ligaen;Fredrikstad;;Nest-Sotra;TV 2 Sportskanalen
01.11.2015;11. runde;Serie A;Fiorentina;;Frosinone;Viasat Sport
01.11.2015;11. runde;Serie A;Genoa;;Napoli;Viasat Sport
01.11.2015;11. runde;Serie A;Bologna;;Atalanta;
01.11.2015;11. runde;Serie A;Carpi;;Verona;
01.11.2015;11. runde;Serie A;Udinese;;Sassuolo;
01.11.2015;11. runde;Serie A;Lazio;;Milan;Viasat Fotball
01.11.2015;11. runde;Bundesliga;Stuttgart;15.30;Darmstadt;Eurosport 2
01.11.2015;11. runde;Bundesliga;Hamburg;17.30;Hannover;Eurosport 2
02.11.2015;11. runde;Premier League;Tottenham;21.00;Aston Villa;TV 2 Sport Premium
02.11.2015;11. runde;Serie A;Chievo;;Sampdoria;Viasat Fotball
02.11.2015;11. runde;Serie A;Palermo;;Empoli;Viasat Fotball
06.11.2015;12. runde;Bundesliga;Hannover;20.30;Hertha;
07.11.2015;12. runde;Premier League;Bournemouth;13.45;Newcastle;TV 2 Sport Premium
07.11.2015;12. runde;Premier League;Man. United;16.00;West Bromwich;TV 2 Sport Premium
07.11.2015;12. runde;Premier League;Leicester;16.00;Watford;
07.11.2015;12. runde;Premier League;Norwich;16.00;Swansea;
07.11.2015;12. runde;Premier League;Sunderland;16.00;Southampton;
07.11.2015;12. runde;Premier League;West Ham;16.00;Everton;
07.11.2015;12. runde;Premier League;Stoke;18.30;Chelsea;TV 2 Sport Premium
07.11.2015;12. runde;Serie A;Verona;;Bologna;Viasat Sport
07.11.2015;12. runde;Serie A;Milan;;Atalanta;Viasat Sport
07.11.2015;12. runde;Bundesliga;Bayern;15.30;Stuttgart;
07.11.2015;12. runde;Bundesliga;Hoffenheim;15.30;Eintracht Frankfurt;
07.11.2015;12. runde;Bundesliga;Leverkusen;15.30;Köln;
07.11.2015;12. runde;Bundesliga;Mainz;15.30;Wolfsburg;
07.11.2015;12. runde;Bundesliga;Mönchengladbach;15.30;Ingolstadt;
07.11.2015;12. runde;Bundesliga;Darmstadt;18.30;Hamburg;
08.11.2015;30. runde;Tippeligaen;Aalesund;;Rosenborg;
08.11.2015;30. runde;Tippeligaen;Bodø/Glimt;;Stabæk;
08.11.2015;30. runde;Tippeligaen;Haugesund;;Tromsø;
08.11.2015;30. runde;Tippeligaen;Odd;;Lillestrøm;
08.11.2015;30. runde;Tippeligaen;Sarpsborg 08;;Sandefjord;
08.11.2015;30. runde;Tippeligaen;Start;;Molde;
08.11.2015;30. runde;Tippeligaen;Strømsgodset;;Vålerenga;
08.11.2015;30. runde;Tippeligaen;Viking;;Mjøndalen;
08.11.2015;12. runde;Premier League;Aston Villa;14.30;Man. City;TV 2 Sport Premium
08.11.2015;12. runde;Premier League;Arsenal;17.00;Tottenham;TV 2 Sport Premium
08.11.2015;12. runde;Premier League;Liverpool;17.00;Crystal Palace;TV 2 Sport Premium 2
08.11.2015;12. runde;Serie A;Torino;;Inter;Viasat Sport
08.11.2015;12. runde;Serie A;Roma;;Lazio;Viasat Sport
08.11.2015;12. runde;Serie A;Empoli;;Juventus;
08.11.2015;12. runde;Serie A;Frosinone;;Genoa;
08.11.2015;12. runde;Serie A;Palermo;;Chievo;
08.11.2015;12. runde;Serie A;Sassuolo;;Carpi;
08.11.2015;12. runde;Serie A;Napoli;;Udinese;Viasat Sport
08.11.2015;12. runde;Serie A;Sampdoria;;Fiorentina;Viasat Sport
08.11.2015;12. runde;Bundesliga;Dortmund;15.30;Schalke;
08.11.2015;12. runde;Bundesliga;Augsburg;17.30;Bremen;
